[2026-08-13 10:04:08 +0900] [19015] [WARNING] Invalid HTTP request received.
[2026-08-13 14:04:49 +0900] [19017] [WARNING] Invalid HTTP request received.
[2026-08-13 14:04:56 +0900] [19017] [WARNING] Invalid HTTP request received.
[2026-08-13 14:04:57 +0900] [19017] [WARNING] Invalid HTTP request received.
[2026-08-13 14:05:03 +0900] [19017] [WARNING] Invalid HTTP request received.
[2026-08-13 14:59:19 +0900] [19017] [WARNING] Invalid HTTP request received.
[2026-08-13 14:59:22 +0900] [19017] [WARNING] Invalid HTTP request received.
[2026-08-13 15:00:29 +0900] [19015] [WARNING] Invalid HTTP request received.
[2026-08-13 20:17:31 +0900] [18969] [INFO] Handling signal: term
[2026-08-13 20:17:31 +0900] [19017] [INFO] Shutting down
[2026-08-13 20:17:31 +0900] [19017] [INFO] Error while closing socket [Errno 9] Bad file descriptor
[2026-08-13 20:17:31 +0900] [19015] [INFO] Shutting down
[2026-08-13 20:17:31 +0900] [19015] [INFO] Error while closing socket [Errno 9] Bad file descriptor
[2026-08-13 20:17:31 +0900] [19017] [INFO] Waiting for application shutdown.
[2026-08-13 20:17:31 +0900] [19017] [INFO] Application shutdown complete.
[2026-08-13 20:17:31 +0900] [19017] [INFO] Finished server process [19017]
[2026-08-13 20:17:31 +0900] [18969] [ERROR] Worker (pid:19017) was sent SIGTERM!
[2026-08-13 20:17:31 +0900] [19015] [INFO] Waiting for application shutdown.
[2026-08-13 20:17:31 +0900] [19015] [INFO] Application shutdown complete.
[2026-08-13 20:17:31 +0900] [19015] [INFO] Finished server process [19015]
[2026-08-13 20:17:31 +0900] [18969] [ERROR] Worker (pid:19015) was sent SIGTERM!
[2026-08-13 20:17:31 +0900] [18969] [INFO] Shutting down: Master
[2026-08-13 20:17:32 +0900] [23119] [INFO] Starting gunicorn 23.0.0
[2026-08-13 20:17:32 +0900] [23119] [INFO] Listening at: http://0.0.0.0:9900 (23119)
[2026-08-13 20:17:32 +0900] [23119] [INFO] Using worker: uvicorn.workers.UvicornWorker
[2026-08-13 20:17:32 +0900] [23165] [INFO] Booting worker with pid: 23165
[2026-08-13 20:17:32 +0900] [23167] [INFO] Booting worker with pid: 23167
[2026-08-13 20:17:34 +0900] [23165] [ERROR] Exception in worker process
Traceback (most recent call last):
  File "/home/pi/.pyenv/versions/3.11.13/lib/python3.11/site-packages/gunicorn/arbiter.py", line 608, in spawn_worker
    worker.init_process()
  File "/home/pi/.pyenv/versions/3.11.13/lib/python3.11/site-packages/uvicorn/workers.py", line 75, in init_process
    super().init_process()
  File "/home/pi/.pyenv/versions/3.11.13/lib/python3.11/site-packages/gunicorn/workers/base.py", line 135, in init_process
    self.load_wsgi()
  File "/home/pi/.pyenv/versions/3.11.13/lib/python3.11/site-packages/gunicorn/workers/base.py", line 147, in load_wsgi
    self.wsgi = self.app.wsgi()
                ^^^^^^^^^^^^^^^
  File "/home/pi/.pyenv/versions/3.11.13/lib/python3.11/site-packages/gunicorn/app/base.py", line 66, in wsgi
    self.callable = self.load()
                    ^^^^^^^^^^^
  File "/home/pi/.pyenv/versions/3.11.13/lib/python3.11/site-packages/gunicorn/app/wsgiapp.py", line 57, in load
    return self.load_wsgiapp()
           ^^^^^^^^^^^^^^^^^^^
  File "/home/pi/.pyenv/versions/3.11.13/lib/python3.11/site-packages/gunicorn/app/wsgiapp.py", line 47, in load_wsgiapp
    return util.import_app(self.app_uri)
           ^^^^^^^^^^^^^^^^^^^^^^^^^^^^^
  File "/home/pi/.pyenv/versions/3.11.13/lib/python3.11/site-packages/gunicorn/util.py", line 370, in import_app
    mod = importlib.import_module(module)
          ^^^^^^^^^^^^^^^^^^^^^^^^^^^^^^^
  File "/home/pi/.pyenv/versions/3.11.13/lib/python3.11/importlib/__init__.py", line 126, in import_module
    return _bootstrap._gcd_import(name[level:], package, level)
           ^^^^^^^^^^^^^^^^^^^^^^^^^^^^^^^^^^^^^^^^^^^^^^^^^^^^
  File "<frozen importlib._bootstrap>", line 1204, in _gcd_import
  File "<frozen importlib._bootstrap>", line 1176, in _find_and_load
  File "<frozen importlib._bootstrap>", line 1147, in _find_and_load_unlocked
  File "<frozen importlib._bootstrap>", line 690, in _load_unlocked
  File "<frozen importlib._bootstrap_external>", line 940, in exec_module
  File "<frozen importlib._bootstrap>", line 241, in _call_with_frames_removed
  File "/home/pi/API/main.py", line 33, in <module>
    from middleware import requests_control, lowercase_specific_path
  File "/home/pi/API/middleware.py", line 106, in <module>
    @app.middleware("http")
     ^^^
NameError: name 'app' is not defined
[2026-08-13 20:17:34 +0900] [23165] [INFO] Worker exiting (pid: 23165)
[2026-08-13 20:17:34 +0900] [23167] [ERROR] Exception in worker process
Traceback (most recent call last):
  File "/home/pi/.pyenv/versions/3.11.13/lib/python3.11/site-packages/gunicorn/arbiter.py", line 608, in spawn_worker
    worker.init_process()
  File "/home/pi/.pyenv/versions/3.11.13/lib/python3.11/site-packages/uvicorn/workers.py", line 75, in init_process
    super().init_process()
  File "/home/pi/.pyenv/versions/3.11.13/lib/python3.11/site-packages/gunicorn/workers/base.py", line 135, in init_process
    self.load_wsgi()
  File "/home/pi/.pyenv/versions/3.11.13/lib/python3.11/site-packages/gunicorn/workers/base.py", line 147, in load_wsgi
    self.wsgi = self.app.wsgi()
                ^^^^^^^^^^^^^^^
  File "/home/pi/.pyenv/versions/3.11.13/lib/python3.11/site-packages/gunicorn/app/base.py", line 66, in wsgi
    self.callable = self.load()
                    ^^^^^^^^^^^
  File "/home/pi/.pyenv/versions/3.11.13/lib/python3.11/site-packages/gunicorn/app/wsgiapp.py", line 57, in load
    return self.load_wsgiapp()
           ^^^^^^^^^^^^^^^^^^^
  File "/home/pi/.pyenv/versions/3.11.13/lib/python3.11/site-packages/gunicorn/app/wsgiapp.py", line 47, in load_wsgiapp
    return util.import_app(self.app_uri)
           ^^^^^^^^^^^^^^^^^^^^^^^^^^^^^
  File "/home/pi/.pyenv/versions/3.11.13/lib/python3.11/site-packages/gunicorn/util.py", line 370, in import_app
    mod = importlib.import_module(module)
          ^^^^^^^^^^^^^^^^^^^^^^^^^^^^^^^
  File "/home/pi/.pyenv/versions/3.11.13/lib/python3.11/importlib/__init__.py", line 126, in import_module
    return _bootstrap._gcd_import(name[level:], package, level)
           ^^^^^^^^^^^^^^^^^^^^^^^^^^^^^^^^^^^^^^^^^^^^^^^^^^^^
  File "<frozen importlib._bootstrap>", line 1204, in _gcd_import
  File "<frozen importlib._bootstrap>", line 1176, in _find_and_load
  File "<frozen importlib._bootstrap>", line 1147, in _find_and_load_unlocked
  File "<frozen importlib._bootstrap>", line 690, in _load_unlocked
  File "<frozen importlib._bootstrap_external>", line 940, in exec_module
  File "<frozen importlib._bootstrap>", line 241, in _call_with_frames_removed
  File "/home/pi/API/main.py", line 33, in <module>
    from middleware import requests_control, lowercase_specific_path
  File "/home/pi/API/middleware.py", line 106, in <module>
    @app.middleware("http")
     ^^^
NameError: name 'app' is not defined
[2026-08-13 20:17:34 +0900] [23167] [INFO] Worker exiting (pid: 23167)
[2026-08-13 20:17:34 +0900] [23119] [ERROR] Worker (pid:23165) exited with code 3
[2026-08-13 20:17:34 +0900] [23119] [ERROR] Worker (pid:23167) exited with code 3
Traceback (most recent call last):
  File "/home/pi/.pyenv/versions/3.11.13/lib/python3.11/site-packages/gunicorn/arbiter.py", line 208, in run
    self.sleep()
  File "/home/pi/.pyenv/versions/3.11.13/lib/python3.11/site-packages/gunicorn/arbiter.py", line 359, in sleep
    ready = select.select([self.PIPE[0]], [], [], 1.0)
            ^^^^^^^^^^^^^^^^^^^^^^^^^^^^^^^^^^^^^^^^^^
  File "/home/pi/.pyenv/versions/3.11.13/lib/python3.11/site-packages/gunicorn/arbiter.py", line 241, in handle_chld
    self.reap_workers()
  File "/home/pi/.pyenv/versions/3.11.13/lib/python3.11/site-packages/gunicorn/arbiter.py", line 529, in reap_workers
    raise HaltServer(reason, self.WORKER_BOOT_ERROR)
gunicorn.errors.HaltServer: <HaltServer 'Worker failed to boot.' 3>

During handling of the above exception, another exception occurred:

Traceback (most recent call last):
  File "/home/pi/.pyenv/versions/3.11.13/bin/gunicorn", line 7, in <module>
    sys.exit(run())
             ^^^^^
  File "/home/pi/.pyenv/versions/3.11.13/lib/python3.11/site-packages/gunicorn/app/wsgiapp.py", line 66, in run
    WSGIApplication("%(prog)s [OPTIONS] [APP_MODULE]", prog=prog).run()
  File "/home/pi/.pyenv/versions/3.11.13/lib/python3.11/site-packages/gunicorn/app/base.py", line 235, in run
    super().run()
  File "/home/pi/.pyenv/versions/3.11.13/lib/python3.11/site-packages/gunicorn/app/base.py", line 71, in run
    Arbiter(self).run()
  File "/home/pi/.pyenv/versions/3.11.13/lib/python3.11/site-packages/gunicorn/arbiter.py", line 228, in run
    self.halt(reason=inst.reason, exit_status=inst.exit_status)
  File "/home/pi/.pyenv/versions/3.11.13/lib/python3.11/site-packages/gunicorn/arbiter.py", line 341, in halt
    self.stop()
  File "/home/pi/.pyenv/versions/3.11.13/lib/python3.11/site-packages/gunicorn/arbiter.py", line 395, in stop
    time.sleep(0.1)
  File "/home/pi/.pyenv/versions/3.11.13/lib/python3.11/site-packages/gunicorn/arbiter.py", line 241, in handle_chld
    self.reap_workers()
  File "/home/pi/.pyenv/versions/3.11.13/lib/python3.11/site-packages/gunicorn/arbiter.py", line 529, in reap_workers
    raise HaltServer(reason, self.WORKER_BOOT_ERROR)
gunicorn.errors.HaltServer: <HaltServer 'Worker failed to boot.' 3>
[2026-08-13 20:17:35 +0900] [23176] [INFO] Starting gunicorn 23.0.0
[2026-08-13 20:17:35 +0900] [23176] [INFO] Listening at: http://0.0.0.0:9900 (23176)
[2026-08-13 20:17:35 +0900] [23176] [INFO] Using worker: uvicorn.workers.UvicornWorker
[2026-08-13 20:17:35 +0900] [23220] [INFO] Booting worker with pid: 23220
[2026-08-13 20:17:35 +0900] [23222] [INFO] Booting worker with pid: 23222
[2026-08-13 20:17:36 +0900] [23220] [ERROR] Exception in worker process
Traceback (most recent call last):
  File "/home/pi/.pyenv/versions/3.11.13/lib/python3.11/site-packages/gunicorn/arbiter.py", line 608, in spawn_worker
    worker.init_process()
  File "/home/pi/.pyenv/versions/3.11.13/lib/python3.11/site-packages/uvicorn/workers.py", line 75, in init_process
    super().init_process()
  File "/home/pi/.pyenv/versions/3.11.13/lib/python3.11/site-packages/gunicorn/workers/base.py", line 135, in init_process
    self.load_wsgi()
  File "/home/pi/.pyenv/versions/3.11.13/lib/python3.11/site-packages/gunicorn/workers/base.py", line 147, in load_wsgi
    self.wsgi = self.app.wsgi()
                ^^^^^^^^^^^^^^^
  File "/home/pi/.pyenv/versions/3.11.13/lib/python3.11/site-packages/gunicorn/app/base.py", line 66, in wsgi
    self.callable = self.load()
                    ^^^^^^^^^^^
  File "/home/pi/.pyenv/versions/3.11.13/lib/python3.11/site-packages/gunicorn/app/wsgiapp.py", line 57, in load
    return self.load_wsgiapp()
           ^^^^^^^^^^^^^^^^^^^
  File "/home/pi/.pyenv/versions/3.11.13/lib/python3.11/site-packages/gunicorn/app/wsgiapp.py", line 47, in load_wsgiapp
    return util.import_app(self.app_uri)
           ^^^^^^^^^^^^^^^^^^^^^^^^^^^^^
  File "/home/pi/.pyenv/versions/3.11.13/lib/python3.11/site-packages/gunicorn/util.py", line 370, in import_app
    mod = importlib.import_module(module)
          ^^^^^^^^^^^^^^^^^^^^^^^^^^^^^^^
  File "/home/pi/.pyenv/versions/3.11.13/lib/python3.11/importlib/__init__.py", line 126, in import_module
    return _bootstrap._gcd_import(name[level:], package, level)
           ^^^^^^^^^^^^^^^^^^^^^^^^^^^^^^^^^^^^^^^^^^^^^^^^^^^^
  File "<frozen importlib._bootstrap>", line 1204, in _gcd_import
  File "<frozen importlib._bootstrap>", line 1176, in _find_and_load
  File "<frozen importlib._bootstrap>", line 1147, in _find_and_load_unlocked
  File "<frozen importlib._bootstrap>", line 690, in _load_unlocked
  File "<frozen importlib._bootstrap_external>", line 940, in exec_module
  File "<frozen importlib._bootstrap>", line 241, in _call_with_frames_removed
  File "/home/pi/API/main.py", line 33, in <module>
    from middleware import requests_control, lowercase_specific_path
  File "/home/pi/API/middleware.py", line 106, in <module>
    @app.middleware("http")
     ^^^
NameError: name 'app' is not defined
[2026-08-13 20:17:36 +0900] [23220] [INFO] Worker exiting (pid: 23220)
[2026-08-13 20:17:36 +0900] [23222] [ERROR] Exception in worker process
Traceback (most recent call last):
  File "/home/pi/.pyenv/versions/3.11.13/lib/python3.11/site-packages/gunicorn/arbiter.py", line 608, in spawn_worker
    worker.init_process()
  File "/home/pi/.pyenv/versions/3.11.13/lib/python3.11/site-packages/uvicorn/workers.py", line 75, in init_process
    super().init_process()
  File "/home/pi/.pyenv/versions/3.11.13/lib/python3.11/site-packages/gunicorn/workers/base.py", line 135, in init_process
    self.load_wsgi()
  File "/home/pi/.pyenv/versions/3.11.13/lib/python3.11/site-packages/gunicorn/workers/base.py", line 147, in load_wsgi
    self.wsgi = self.app.wsgi()
                ^^^^^^^^^^^^^^^
  File "/home/pi/.pyenv/versions/3.11.13/lib/python3.11/site-packages/gunicorn/app/base.py", line 66, in wsgi
    self.callable = self.load()
                    ^^^^^^^^^^^
  File "/home/pi/.pyenv/versions/3.11.13/lib/python3.11/site-packages/gunicorn/app/wsgiapp.py", line 57, in load
    return self.load_wsgiapp()
           ^^^^^^^^^^^^^^^^^^^
  File "/home/pi/.pyenv/versions/3.11.13/lib/python3.11/site-packages/gunicorn/app/wsgiapp.py", line 47, in load_wsgiapp
    return util.import_app(self.app_uri)
           ^^^^^^^^^^^^^^^^^^^^^^^^^^^^^
  File "/home/pi/.pyenv/versions/3.11.13/lib/python3.11/site-packages/gunicorn/util.py", line 370, in import_app
    mod = importlib.import_module(module)
          ^^^^^^^^^^^^^^^^^^^^^^^^^^^^^^^
  File "/home/pi/.pyenv/versions/3.11.13/lib/python3.11/importlib/__init__.py", line 126, in import_module
    return _bootstrap._gcd_import(name[level:], package, level)
           ^^^^^^^^^^^^^^^^^^^^^^^^^^^^^^^^^^^^^^^^^^^^^^^^^^^^
  File "<frozen importlib._bootstrap>", line 1204, in _gcd_import
  File "<frozen importlib._bootstrap>", line 1176, in _find_and_load
  File "<frozen importlib._bootstrap>", line 1147, in _find_and_load_unlocked
  File "<frozen importlib._bootstrap>", line 690, in _load_unlocked
  File "<frozen importlib._bootstrap_external>", line 940, in exec_module
  File "<frozen importlib._bootstrap>", line 241, in _call_with_frames_removed
  File "/home/pi/API/main.py", line 33, in <module>
    from middleware import requests_control, lowercase_specific_path
  File "/home/pi/API/middleware.py", line 106, in <module>
    @app.middleware("http")
     ^^^
NameError: name 'app' is not defined
[2026-08-13 20:17:36 +0900] [23222] [INFO] Worker exiting (pid: 23222)
[2026-08-13 20:17:37 +0900] [23176] [ERROR] Worker (pid:23220) exited with code 3
[2026-08-13 20:17:37 +0900] [23176] [ERROR] Worker (pid:23222) was sent SIGTERM!
[2026-08-13 20:17:37 +0900] [23176] [ERROR] Shutting down: Master
[2026-08-13 20:17:37 +0900] [23176] [ERROR] Reason: Worker failed to boot.
[2026-08-13 20:17:37 +0900] [23230] [INFO] Starting gunicorn 23.0.0
[2026-08-13 20:17:37 +0900] [23230] [INFO] Listening at: http://0.0.0.0:9900 (23230)
[2026-08-13 20:17:37 +0900] [23230] [INFO] Using worker: uvicorn.workers.UvicornWorker
[2026-08-13 20:17:37 +0900] [23274] [INFO] Booting worker with pid: 23274
[2026-08-13 20:17:37 +0900] [23276] [INFO] Booting worker with pid: 23276
[2026-08-13 20:17:39 +0900] [23274] [ERROR] Exception in worker process
Traceback (most recent call last):
  File "/home/pi/.pyenv/versions/3.11.13/lib/python3.11/site-packages/gunicorn/arbiter.py", line 608, in spawn_worker
    worker.init_process()
  File "/home/pi/.pyenv/versions/3.11.13/lib/python3.11/site-packages/uvicorn/workers.py", line 75, in init_process
    super().init_process()
  File "/home/pi/.pyenv/versions/3.11.13/lib/python3.11/site-packages/gunicorn/workers/base.py", line 135, in init_process
    self.load_wsgi()
  File "/home/pi/.pyenv/versions/3.11.13/lib/python3.11/site-packages/gunicorn/workers/base.py", line 147, in load_wsgi
    self.wsgi = self.app.wsgi()
                ^^^^^^^^^^^^^^^
  File "/home/pi/.pyenv/versions/3.11.13/lib/python3.11/site-packages/gunicorn/app/base.py", line 66, in wsgi
    self.callable = self.load()
                    ^^^^^^^^^^^
  File "/home/pi/.pyenv/versions/3.11.13/lib/python3.11/site-packages/gunicorn/app/wsgiapp.py", line 57, in load
    return self.load_wsgiapp()
           ^^^^^^^^^^^^^^^^^^^
  File "/home/pi/.pyenv/versions/3.11.13/lib/python3.11/site-packages/gunicorn/app/wsgiapp.py", line 47, in load_wsgiapp
    return util.import_app(self.app_uri)
           ^^^^^^^^^^^^^^^^^^^^^^^^^^^^^
  File "/home/pi/.pyenv/versions/3.11.13/lib/python3.11/site-packages/gunicorn/util.py", line 370, in import_app
    mod = importlib.import_module(module)
          ^^^^^^^^^^^^^^^^^^^^^^^^^^^^^^^
  File "/home/pi/.pyenv/versions/3.11.13/lib/python3.11/importlib/__init__.py", line 126, in import_module
    return _bootstrap._gcd_import(name[level:], package, level)
           ^^^^^^^^^^^^^^^^^^^^^^^^^^^^^^^^^^^^^^^^^^^^^^^^^^^^
  File "<frozen importlib._bootstrap>", line 1204, in _gcd_import
  File "<frozen importlib._bootstrap>", line 1176, in _find_and_load
  File "<frozen importlib._bootstrap>", line 1147, in _find_and_load_unlocked
  File "<frozen importlib._bootstrap>", line 690, in _load_unlocked
  File "<frozen importlib._bootstrap_external>", line 940, in exec_module
  File "<frozen importlib._bootstrap>", line 241, in _call_with_frames_removed
  File "/home/pi/API/main.py", line 33, in <module>
    from middleware import requests_control, lowercase_specific_path
  File "/home/pi/API/middleware.py", line 106, in <module>
    @app.middleware("http")
     ^^^
NameError: name 'app' is not defined
[2026-08-13 20:17:39 +0900] [23274] [INFO] Worker exiting (pid: 23274)
[2026-08-13 20:17:39 +0900] [23276] [ERROR] Exception in worker process
Traceback (most recent call last):
  File "/home/pi/.pyenv/versions/3.11.13/lib/python3.11/site-packages/gunicorn/arbiter.py", line 608, in spawn_worker
    worker.init_process()
  File "/home/pi/.pyenv/versions/3.11.13/lib/python3.11/site-packages/uvicorn/workers.py", line 75, in init_process
    super().init_process()
  File "/home/pi/.pyenv/versions/3.11.13/lib/python3.11/site-packages/gunicorn/workers/base.py", line 135, in init_process
    self.load_wsgi()
  File "/home/pi/.pyenv/versions/3.11.13/lib/python3.11/site-packages/gunicorn/workers/base.py", line 147, in load_wsgi
    self.wsgi = self.app.wsgi()
                ^^^^^^^^^^^^^^^
  File "/home/pi/.pyenv/versions/3.11.13/lib/python3.11/site-packages/gunicorn/app/base.py", line 66, in wsgi
    self.callable = self.load()
                    ^^^^^^^^^^^
  File "/home/pi/.pyenv/versions/3.11.13/lib/python3.11/site-packages/gunicorn/app/wsgiapp.py", line 57, in load
    return self.load_wsgiapp()
           ^^^^^^^^^^^^^^^^^^^
  File "/home/pi/.pyenv/versions/3.11.13/lib/python3.11/site-packages/gunicorn/app/wsgiapp.py", line 47, in load_wsgiapp
    return util.import_app(self.app_uri)
           ^^^^^^^^^^^^^^^^^^^^^^^^^^^^^
  File "/home/pi/.pyenv/versions/3.11.13/lib/python3.11/site-packages/gunicorn/util.py", line 370, in import_app
    mod = importlib.import_module(module)
          ^^^^^^^^^^^^^^^^^^^^^^^^^^^^^^^
  File "/home/pi/.pyenv/versions/3.11.13/lib/python3.11/importlib/__init__.py", line 126, in import_module
    return _bootstrap._gcd_import(name[level:], package, level)
           ^^^^^^^^^^^^^^^^^^^^^^^^^^^^^^^^^^^^^^^^^^^^^^^^^^^^
  File "<frozen importlib._bootstrap>", line 1204, in _gcd_import
  File "<frozen importlib._bootstrap>", line 1176, in _find_and_load
  File "<frozen importlib._bootstrap>", line 1147, in _find_and_load_unlocked
  File "<frozen importlib._bootstrap>", line 690, in _load_unlocked
  File "<frozen importlib._bootstrap_external>", line 940, in exec_module
  File "<frozen importlib._bootstrap>", line 241, in _call_with_frames_removed
  File "/home/pi/API/main.py", line 33, in <module>
    from middleware import requests_control, lowercase_specific_path
  File "/home/pi/API/middleware.py", line 106, in <module>
    @app.middleware("http")
     ^^^
NameError: name 'app' is not defined
[2026-08-13 20:17:39 +0900] [23276] [INFO] Worker exiting (pid: 23276)
[2026-08-13 20:17:39 +0900] [23230] [ERROR] Worker (pid:23274) exited with code 3
[2026-08-13 20:17:39 +0900] [23230] [ERROR] Worker (pid:23276) was sent SIGTERM!
[2026-08-13 20:17:39 +0900] [23230] [ERROR] Shutting down: Master
[2026-08-13 20:17:39 +0900] [23230] [ERROR] Reason: Worker failed to boot.
[2026-08-13 20:17:40 +0900] [23284] [INFO] Starting gunicorn 23.0.0
[2026-08-13 20:17:40 +0900] [23284] [INFO] Listening at: http://0.0.0.0:9900 (23284)
[2026-08-13 20:17:40 +0900] [23284] [INFO] Using worker: uvicorn.workers.UvicornWorker
[2026-08-13 20:17:40 +0900] [23328] [INFO] Booting worker with pid: 23328
[2026-08-13 20:17:40 +0900] [23329] [INFO] Booting worker with pid: 23329
[2026-08-13 20:17:41 +0900] [23328] [ERROR] Exception in worker process
Traceback (most recent call last):
  File "/home/pi/.pyenv/versions/3.11.13/lib/python3.11/site-packages/gunicorn/arbiter.py", line 608, in spawn_worker
    worker.init_process()
  File "/home/pi/.pyenv/versions/3.11.13/lib/python3.11/site-packages/uvicorn/workers.py", line 75, in init_process
    super().init_process()
  File "/home/pi/.pyenv/versions/3.11.13/lib/python3.11/site-packages/gunicorn/workers/base.py", line 135, in init_process
    self.load_wsgi()
  File "/home/pi/.pyenv/versions/3.11.13/lib/python3.11/site-packages/gunicorn/workers/base.py", line 147, in load_wsgi
    self.wsgi = self.app.wsgi()
                ^^^^^^^^^^^^^^^
  File "/home/pi/.pyenv/versions/3.11.13/lib/python3.11/site-packages/gunicorn/app/base.py", line 66, in wsgi
    self.callable = self.load()
                    ^^^^^^^^^^^
  File "/home/pi/.pyenv/versions/3.11.13/lib/python3.11/site-packages/gunicorn/app/wsgiapp.py", line 57, in load
    return self.load_wsgiapp()
           ^^^^^^^^^^^^^^^^^^^
  File "/home/pi/.pyenv/versions/3.11.13/lib/python3.11/site-packages/gunicorn/app/wsgiapp.py", line 47, in load_wsgiapp
    return util.import_app(self.app_uri)
           ^^^^^^^^^^^^^^^^^^^^^^^^^^^^^
  File "/home/pi/.pyenv/versions/3.11.13/lib/python3.11/site-packages/gunicorn/util.py", line 370, in import_app
    mod = importlib.import_module(module)
          ^^^^^^^^^^^^^^^^^^^^^^^^^^^^^^^
  File "/home/pi/.pyenv/versions/3.11.13/lib/python3.11/importlib/__init__.py", line 126, in import_module
    return _bootstrap._gcd_import(name[level:], package, level)
           ^^^^^^^^^^^^^^^^^^^^^^^^^^^^^^^^^^^^^^^^^^^^^^^^^^^^
  File "<frozen importlib._bootstrap>", line 1204, in _gcd_import
  File "<frozen importlib._bootstrap>", line 1176, in _find_and_load
  File "<frozen importlib._bootstrap>", line 1147, in _find_and_load_unlocked
  File "<frozen importlib._bootstrap>", line 690, in _load_unlocked
  File "<frozen importlib._bootstrap_external>", line 940, in exec_module
  File "<frozen importlib._bootstrap>", line 241, in _call_with_frames_removed
  File "/home/pi/API/main.py", line 33, in <module>
    from middleware import requests_control, lowercase_specific_path
  File "/home/pi/API/middleware.py", line 106, in <module>
    @app.middleware("http")
     ^^^
NameError: name 'app' is not defined
[2026-08-13 20:17:41 +0900] [23328] [INFO] Worker exiting (pid: 23328)
[2026-08-13 20:17:41 +0900] [23329] [ERROR] Exception in worker process
Traceback (most recent call last):
  File "/home/pi/.pyenv/versions/3.11.13/lib/python3.11/site-packages/gunicorn/arbiter.py", line 608, in spawn_worker
    worker.init_process()
  File "/home/pi/.pyenv/versions/3.11.13/lib/python3.11/site-packages/uvicorn/workers.py", line 75, in init_process
    super().init_process()
  File "/home/pi/.pyenv/versions/3.11.13/lib/python3.11/site-packages/gunicorn/workers/base.py", line 135, in init_process
    self.load_wsgi()
  File "/home/pi/.pyenv/versions/3.11.13/lib/python3.11/site-packages/gunicorn/workers/base.py", line 147, in load_wsgi
    self.wsgi = self.app.wsgi()
                ^^^^^^^^^^^^^^^
  File "/home/pi/.pyenv/versions/3.11.13/lib/python3.11/site-packages/gunicorn/app/base.py", line 66, in wsgi
    self.callable = self.load()
                    ^^^^^^^^^^^
  File "/home/pi/.pyenv/versions/3.11.13/lib/python3.11/site-packages/gunicorn/app/wsgiapp.py", line 57, in load
    return self.load_wsgiapp()
           ^^^^^^^^^^^^^^^^^^^
  File "/home/pi/.pyenv/versions/3.11.13/lib/python3.11/site-packages/gunicorn/app/wsgiapp.py", line 47, in load_wsgiapp
    return util.import_app(self.app_uri)
           ^^^^^^^^^^^^^^^^^^^^^^^^^^^^^
  File "/home/pi/.pyenv/versions/3.11.13/lib/python3.11/site-packages/gunicorn/util.py", line 370, in import_app
    mod = importlib.import_module(module)
          ^^^^^^^^^^^^^^^^^^^^^^^^^^^^^^^
  File "/home/pi/.pyenv/versions/3.11.13/lib/python3.11/importlib/__init__.py", line 126, in import_module
    return _bootstrap._gcd_import(name[level:], package, level)
           ^^^^^^^^^^^^^^^^^^^^^^^^^^^^^^^^^^^^^^^^^^^^^^^^^^^^
  File "<frozen importlib._bootstrap>", line 1204, in _gcd_import
  File "<frozen importlib._bootstrap>", line 1176, in _find_and_load
  File "<frozen importlib._bootstrap>", line 1147, in _find_and_load_unlocked
  File "<frozen importlib._bootstrap>", line 690, in _load_unlocked
  File "<frozen importlib._bootstrap_external>", line 940, in exec_module
  File "<frozen importlib._bootstrap>", line 241, in _call_with_frames_removed
  File "/home/pi/API/main.py", line 33, in <module>
    from middleware import requests_control, lowercase_specific_path
  File "/home/pi/API/middleware.py", line 106, in <module>
    @app.middleware("http")
     ^^^
NameError: name 'app' is not defined
[2026-08-13 20:17:41 +0900] [23329] [INFO] Worker exiting (pid: 23329)
[2026-08-13 20:17:42 +0900] [23284] [ERROR] Worker (pid:23328) exited with code 3
[2026-08-13 20:17:42 +0900] [23284] [ERROR] Worker (pid:23329) was sent SIGTERM!
[2026-08-13 20:17:42 +0900] [23284] [ERROR] Shutting down: Master
[2026-08-13 20:17:42 +0900] [23284] [ERROR] Reason: Worker failed to boot.
[2026-08-13 20:17:43 +0900] [23338] [INFO] Starting gunicorn 23.0.0
[2026-08-13 20:17:43 +0900] [23338] [INFO] Listening at: http://0.0.0.0:9900 (23338)
[2026-08-13 20:17:43 +0900] [23338] [INFO] Using worker: uvicorn.workers.UvicornWorker
[2026-08-13 20:17:43 +0900] [23382] [INFO] Booting worker with pid: 23382
[2026-08-13 20:17:43 +0900] [23384] [INFO] Booting worker with pid: 23384
[2026-08-13 20:17:44 +0900] [23382] [ERROR] Exception in worker process
Traceback (most recent call last):
  File "/home/pi/.pyenv/versions/3.11.13/lib/python3.11/site-packages/gunicorn/arbiter.py", line 608, in spawn_worker
    worker.init_process()
  File "/home/pi/.pyenv/versions/3.11.13/lib/python3.11/site-packages/uvicorn/workers.py", line 75, in init_process
    super().init_process()
  File "/home/pi/.pyenv/versions/3.11.13/lib/python3.11/site-packages/gunicorn/workers/base.py", line 135, in init_process
    self.load_wsgi()
  File "/home/pi/.pyenv/versions/3.11.13/lib/python3.11/site-packages/gunicorn/workers/base.py", line 147, in load_wsgi
    self.wsgi = self.app.wsgi()
                ^^^^^^^^^^^^^^^
  File "/home/pi/.pyenv/versions/3.11.13/lib/python3.11/site-packages/gunicorn/app/base.py", line 66, in wsgi
    self.callable = self.load()
                    ^^^^^^^^^^^
  File "/home/pi/.pyenv/versions/3.11.13/lib/python3.11/site-packages/gunicorn/app/wsgiapp.py", line 57, in load
    return self.load_wsgiapp()
           ^^^^^^^^^^^^^^^^^^^
  File "/home/pi/.pyenv/versions/3.11.13/lib/python3.11/site-packages/gunicorn/app/wsgiapp.py", line 47, in load_wsgiapp
    return util.import_app(self.app_uri)
           ^^^^^^^^^^^^^^^^^^^^^^^^^^^^^
  File "/home/pi/.pyenv/versions/3.11.13/lib/python3.11/site-packages/gunicorn/util.py", line 370, in import_app
    mod = importlib.import_module(module)
          ^^^^^^^^^^^^^^^^^^^^^^^^^^^^^^^
  File "/home/pi/.pyenv/versions/3.11.13/lib/python3.11/importlib/__init__.py", line 126, in import_module
    return _bootstrap._gcd_import(name[level:], package, level)
           ^^^^^^^^^^^^^^^^^^^^^^^^^^^^^^^^^^^^^^^^^^^^^^^^^^^^
  File "<frozen importlib._bootstrap>", line 1204, in _gcd_import
  File "<frozen importlib._bootstrap>", line 1176, in _find_and_load
  File "<frozen importlib._bootstrap>", line 1147, in _find_and_load_unlocked
  File "<frozen importlib._bootstrap>", line 690, in _load_unlocked
  File "<frozen importlib._bootstrap_external>", line 940, in exec_module
  File "<frozen importlib._bootstrap>", line 241, in _call_with_frames_removed
  File "/home/pi/API/main.py", line 33, in <module>
    from middleware import requests_control, lowercase_specific_path
  File "/home/pi/API/middleware.py", line 106, in <module>
    @app.middleware("http")
     ^^^
NameError: name 'app' is not defined
[2026-08-13 20:17:44 +0900] [23382] [INFO] Worker exiting (pid: 23382)
[2026-08-13 20:17:44 +0900] [23384] [ERROR] Exception in worker process
Traceback (most recent call last):
  File "/home/pi/.pyenv/versions/3.11.13/lib/python3.11/site-packages/gunicorn/arbiter.py", line 608, in spawn_worker
    worker.init_process()
  File "/home/pi/.pyenv/versions/3.11.13/lib/python3.11/site-packages/uvicorn/workers.py", line 75, in init_process
    super().init_process()
  File "/home/pi/.pyenv/versions/3.11.13/lib/python3.11/site-packages/gunicorn/workers/base.py", line 135, in init_process
    self.load_wsgi()
  File "/home/pi/.pyenv/versions/3.11.13/lib/python3.11/site-packages/gunicorn/workers/base.py", line 147, in load_wsgi
    self.wsgi = self.app.wsgi()
                ^^^^^^^^^^^^^^^
  File "/home/pi/.pyenv/versions/3.11.13/lib/python3.11/site-packages/gunicorn/app/base.py", line 66, in wsgi
    self.callable = self.load()
                    ^^^^^^^^^^^
  File "/home/pi/.pyenv/versions/3.11.13/lib/python3.11/site-packages/gunicorn/app/wsgiapp.py", line 57, in load
    return self.load_wsgiapp()
           ^^^^^^^^^^^^^^^^^^^
  File "/home/pi/.pyenv/versions/3.11.13/lib/python3.11/site-packages/gunicorn/app/wsgiapp.py", line 47, in load_wsgiapp
    return util.import_app(self.app_uri)
           ^^^^^^^^^^^^^^^^^^^^^^^^^^^^^
  File "/home/pi/.pyenv/versions/3.11.13/lib/python3.11/site-packages/gunicorn/util.py", line 370, in import_app
    mod = importlib.import_module(module)
          ^^^^^^^^^^^^^^^^^^^^^^^^^^^^^^^
  File "/home/pi/.pyenv/versions/3.11.13/lib/python3.11/importlib/__init__.py", line 126, in import_module
    return _bootstrap._gcd_import(name[level:], package, level)
           ^^^^^^^^^^^^^^^^^^^^^^^^^^^^^^^^^^^^^^^^^^^^^^^^^^^^
  File "<frozen importlib._bootstrap>", line 1204, in _gcd_import
  File "<frozen importlib._bootstrap>", line 1176, in _find_and_load
  File "<frozen importlib._bootstrap>", line 1147, in _find_and_load_unlocked
  File "<frozen importlib._bootstrap>", line 690, in _load_unlocked
  File "<frozen importlib._bootstrap_external>", line 940, in exec_module
  File "<frozen importlib._bootstrap>", line 241, in _call_with_frames_removed
  File "/home/pi/API/main.py", line 33, in <module>
    from middleware import requests_control, lowercase_specific_path
  File "/home/pi/API/middleware.py", line 106, in <module>
    @app.middleware("http")
     ^^^
NameError: name 'app' is not defined
[2026-08-13 20:17:44 +0900] [23384] [INFO] Worker exiting (pid: 23384)
[2026-08-13 20:17:45 +0900] [23338] [ERROR] Worker (pid:23382) exited with code 3
[2026-08-13 20:17:45 +0900] [23338] [ERROR] Worker (pid:23384) was sent SIGTERM!
[2026-08-13 20:17:45 +0900] [23338] [ERROR] Shutting down: Master
[2026-08-13 20:17:45 +0900] [23338] [ERROR] Reason: Worker failed to boot.
[2026-08-13 20:17:45 +0900] [23392] [INFO] Starting gunicorn 23.0.0
[2026-08-13 20:17:45 +0900] [23392] [INFO] Listening at: http://0.0.0.0:9900 (23392)
[2026-08-13 20:17:45 +0900] [23392] [INFO] Using worker: uvicorn.workers.UvicornWorker
[2026-08-13 20:17:45 +0900] [23436] [INFO] Booting worker with pid: 23436
[2026-08-13 20:17:45 +0900] [23438] [INFO] Booting worker with pid: 23438
[2026-08-13 20:17:47 +0900] [23436] [ERROR] Exception in worker process
Traceback (most recent call last):
  File "/home/pi/.pyenv/versions/3.11.13/lib/python3.11/site-packages/gunicorn/arbiter.py", line 608, in spawn_worker
    worker.init_process()
  File "/home/pi/.pyenv/versions/3.11.13/lib/python3.11/site-packages/uvicorn/workers.py", line 75, in init_process
    super().init_process()
  File "/home/pi/.pyenv/versions/3.11.13/lib/python3.11/site-packages/gunicorn/workers/base.py", line 135, in init_process
    self.load_wsgi()
  File "/home/pi/.pyenv/versions/3.11.13/lib/python3.11/site-packages/gunicorn/workers/base.py", line 147, in load_wsgi
    self.wsgi = self.app.wsgi()
                ^^^^^^^^^^^^^^^
  File "/home/pi/.pyenv/versions/3.11.13/lib/python3.11/site-packages/gunicorn/app/base.py", line 66, in wsgi
    self.callable = self.load()
                    ^^^^^^^^^^^
  File "/home/pi/.pyenv/versions/3.11.13/lib/python3.11/site-packages/gunicorn/app/wsgiapp.py", line 57, in load
    return self.load_wsgiapp()
           ^^^^^^^^^^^^^^^^^^^
  File "/home/pi/.pyenv/versions/3.11.13/lib/python3.11/site-packages/gunicorn/app/wsgiapp.py", line 47, in load_wsgiapp
    return util.import_app(self.app_uri)
           ^^^^^^^^^^^^^^^^^^^^^^^^^^^^^
  File "/home/pi/.pyenv/versions/3.11.13/lib/python3.11/site-packages/gunicorn/util.py", line 370, in import_app
    mod = importlib.import_module(module)
          ^^^^^^^^^^^^^^^^^^^^^^^^^^^^^^^
  File "/home/pi/.pyenv/versions/3.11.13/lib/python3.11/importlib/__init__.py", line 126, in import_module
    return _bootstrap._gcd_import(name[level:], package, level)
           ^^^^^^^^^^^^^^^^^^^^^^^^^^^^^^^^^^^^^^^^^^^^^^^^^^^^
  File "<frozen importlib._bootstrap>", line 1204, in _gcd_import
  File "<frozen importlib._bootstrap>", line 1176, in _find_and_load
  File "<frozen importlib._bootstrap>", line 1147, in _find_and_load_unlocked
  File "<frozen importlib._bootstrap>", line 690, in _load_unlocked
  File "<frozen importlib._bootstrap_external>", line 940, in exec_module
  File "<frozen importlib._bootstrap>", line 241, in _call_with_frames_removed
  File "/home/pi/API/main.py", line 33, in <module>
    from middleware import requests_control, lowercase_specific_path
  File "/home/pi/API/middleware.py", line 106, in <module>
    @app.middleware("http")
     ^^^
NameError: name 'app' is not defined
[2026-08-13 20:17:47 +0900] [23436] [INFO] Worker exiting (pid: 23436)
[2026-08-13 20:17:47 +0900] [23438] [ERROR] Exception in worker process
Traceback (most recent call last):
  File "/home/pi/.pyenv/versions/3.11.13/lib/python3.11/site-packages/gunicorn/arbiter.py", line 608, in spawn_worker
    worker.init_process()
  File "/home/pi/.pyenv/versions/3.11.13/lib/python3.11/site-packages/uvicorn/workers.py", line 75, in init_process
    super().init_process()
  File "/home/pi/.pyenv/versions/3.11.13/lib/python3.11/site-packages/gunicorn/workers/base.py", line 135, in init_process
    self.load_wsgi()
  File "/home/pi/.pyenv/versions/3.11.13/lib/python3.11/site-packages/gunicorn/workers/base.py", line 147, in load_wsgi
    self.wsgi = self.app.wsgi()
                ^^^^^^^^^^^^^^^
  File "/home/pi/.pyenv/versions/3.11.13/lib/python3.11/site-packages/gunicorn/app/base.py", line 66, in wsgi
    self.callable = self.load()
                    ^^^^^^^^^^^
  File "/home/pi/.pyenv/versions/3.11.13/lib/python3.11/site-packages/gunicorn/app/wsgiapp.py", line 57, in load
    return self.load_wsgiapp()
           ^^^^^^^^^^^^^^^^^^^
  File "/home/pi/.pyenv/versions/3.11.13/lib/python3.11/site-packages/gunicorn/app/wsgiapp.py", line 47, in load_wsgiapp
    return util.import_app(self.app_uri)
           ^^^^^^^^^^^^^^^^^^^^^^^^^^^^^
  File "/home/pi/.pyenv/versions/3.11.13/lib/python3.11/site-packages/gunicorn/util.py", line 370, in import_app
    mod = importlib.import_module(module)
          ^^^^^^^^^^^^^^^^^^^^^^^^^^^^^^^
  File "/home/pi/.pyenv/versions/3.11.13/lib/python3.11/importlib/__init__.py", line 126, in import_module
    return _bootstrap._gcd_import(name[level:], package, level)
           ^^^^^^^^^^^^^^^^^^^^^^^^^^^^^^^^^^^^^^^^^^^^^^^^^^^^
  File "<frozen importlib._bootstrap>", line 1204, in _gcd_import
  File "<frozen importlib._bootstrap>", line 1176, in _find_and_load
  File "<frozen importlib._bootstrap>", line 1147, in _find_and_load_unlocked
  File "<frozen importlib._bootstrap>", line 690, in _load_unlocked
  File "<frozen importlib._bootstrap_external>", line 940, in exec_module
  File "<frozen importlib._bootstrap>", line 241, in _call_with_frames_removed
  File "/home/pi/API/main.py", line 33, in <module>
    from middleware import requests_control, lowercase_specific_path
  File "/home/pi/API/middleware.py", line 106, in <module>
    @app.middleware("http")
     ^^^
NameError: name 'app' is not defined
[2026-08-13 20:17:47 +0900] [23438] [INFO] Worker exiting (pid: 23438)
[2026-08-13 20:17:47 +0900] [23392] [ERROR] Worker (pid:23436) exited with code 3
[2026-08-13 20:17:47 +0900] [23392] [ERROR] Worker (pid:23438) was sent SIGTERM!
[2026-08-13 20:17:47 +0900] [23392] [ERROR] Shutting down: Master
[2026-08-13 20:17:47 +0900] [23392] [ERROR] Reason: Worker failed to boot.
[2026-08-13 20:17:48 +0900] [23446] [INFO] Starting gunicorn 23.0.0
[2026-08-13 20:17:48 +0900] [23446] [INFO] Listening at: http://0.0.0.0:9900 (23446)
[2026-08-13 20:17:48 +0900] [23446] [INFO] Using worker: uvicorn.workers.UvicornWorker
[2026-08-13 20:17:48 +0900] [23490] [INFO] Booting worker with pid: 23490
[2026-08-13 20:17:48 +0900] [23491] [INFO] Booting worker with pid: 23491
[2026-08-13 20:17:49 +0900] [23491] [ERROR] Exception in worker process
Traceback (most recent call last):
  File "/home/pi/.pyenv/versions/3.11.13/lib/python3.11/site-packages/gunicorn/arbiter.py", line 608, in spawn_worker
    worker.init_process()
  File "/home/pi/.pyenv/versions/3.11.13/lib/python3.11/site-packages/uvicorn/workers.py", line 75, in init_process
    super().init_process()
  File "/home/pi/.pyenv/versions/3.11.13/lib/python3.11/site-packages/gunicorn/workers/base.py", line 135, in init_process
    self.load_wsgi()
  File "/home/pi/.pyenv/versions/3.11.13/lib/python3.11/site-packages/gunicorn/workers/base.py", line 147, in load_wsgi
    self.wsgi = self.app.wsgi()
                ^^^^^^^^^^^^^^^
  File "/home/pi/.pyenv/versions/3.11.13/lib/python3.11/site-packages/gunicorn/app/base.py", line 66, in wsgi
    self.callable = self.load()
                    ^^^^^^^^^^^
  File "/home/pi/.pyenv/versions/3.11.13/lib/python3.11/site-packages/gunicorn/app/wsgiapp.py", line 57, in load
    return self.load_wsgiapp()
           ^^^^^^^^^^^^^^^^^^^
  File "/home/pi/.pyenv/versions/3.11.13/lib/python3.11/site-packages/gunicorn/app/wsgiapp.py", line 47, in load_wsgiapp
    return util.import_app(self.app_uri)
           ^^^^^^^^^^^^^^^^^^^^^^^^^^^^^
  File "/home/pi/.pyenv/versions/3.11.13/lib/python3.11/site-packages/gunicorn/util.py", line 370, in import_app
    mod = importlib.import_module(module)
          ^^^^^^^^^^^^^^^^^^^^^^^^^^^^^^^
  File "/home/pi/.pyenv/versions/3.11.13/lib/python3.11/importlib/__init__.py", line 126, in import_module
    return _bootstrap._gcd_import(name[level:], package, level)
           ^^^^^^^^^^^^^^^^^^^^^^^^^^^^^^^^^^^^^^^^^^^^^^^^^^^^
  File "<frozen importlib._bootstrap>", line 1204, in _gcd_import
  File "<frozen importlib._bootstrap>", line 1176, in _find_and_load
  File "<frozen importlib._bootstrap>", line 1147, in _find_and_load_unlocked
  File "<frozen importlib._bootstrap>", line 690, in _load_unlocked
  File "<frozen importlib._bootstrap_external>", line 940, in exec_module
  File "<frozen importlib._bootstrap>", line 241, in _call_with_frames_removed
  File "/home/pi/API/main.py", line 33, in <module>
    from middleware import requests_control, lowercase_specific_path
  File "/home/pi/API/middleware.py", line 106, in <module>
    @app.middleware("http")
     ^^^
NameError: name 'app' is not defined
[2026-08-13 20:17:49 +0900] [23491] [INFO] Worker exiting (pid: 23491)
[2026-08-13 20:17:49 +0900] [23490] [ERROR] Exception in worker process
Traceback (most recent call last):
  File "/home/pi/.pyenv/versions/3.11.13/lib/python3.11/site-packages/gunicorn/arbiter.py", line 608, in spawn_worker
    worker.init_process()
  File "/home/pi/.pyenv/versions/3.11.13/lib/python3.11/site-packages/uvicorn/workers.py", line 75, in init_process
    super().init_process()
  File "/home/pi/.pyenv/versions/3.11.13/lib/python3.11/site-packages/gunicorn/workers/base.py", line 135, in init_process
    self.load_wsgi()
  File "/home/pi/.pyenv/versions/3.11.13/lib/python3.11/site-packages/gunicorn/workers/base.py", line 147, in load_wsgi
    self.wsgi = self.app.wsgi()
                ^^^^^^^^^^^^^^^
  File "/home/pi/.pyenv/versions/3.11.13/lib/python3.11/site-packages/gunicorn/app/base.py", line 66, in wsgi
    self.callable = self.load()
                    ^^^^^^^^^^^
  File "/home/pi/.pyenv/versions/3.11.13/lib/python3.11/site-packages/gunicorn/app/wsgiapp.py", line 57, in load
    return self.load_wsgiapp()
           ^^^^^^^^^^^^^^^^^^^
  File "/home/pi/.pyenv/versions/3.11.13/lib/python3.11/site-packages/gunicorn/app/wsgiapp.py", line 47, in load_wsgiapp
    return util.import_app(self.app_uri)
           ^^^^^^^^^^^^^^^^^^^^^^^^^^^^^
  File "/home/pi/.pyenv/versions/3.11.13/lib/python3.11/site-packages/gunicorn/util.py", line 370, in import_app
    mod = importlib.import_module(module)
          ^^^^^^^^^^^^^^^^^^^^^^^^^^^^^^^
  File "/home/pi/.pyenv/versions/3.11.13/lib/python3.11/importlib/__init__.py", line 126, in import_module
    return _bootstrap._gcd_import(name[level:], package, level)
           ^^^^^^^^^^^^^^^^^^^^^^^^^^^^^^^^^^^^^^^^^^^^^^^^^^^^
  File "<frozen importlib._bootstrap>", line 1204, in _gcd_import
  File "<frozen importlib._bootstrap>", line 1176, in _find_and_load
  File "<frozen importlib._bootstrap>", line 1147, in _find_and_load_unlocked
  File "<frozen importlib._bootstrap>", line 690, in _load_unlocked
  File "<frozen importlib._bootstrap_external>", line 940, in exec_module
  File "<frozen importlib._bootstrap>", line 241, in _call_with_frames_removed
  File "/home/pi/API/main.py", line 33, in <module>
    from middleware import requests_control, lowercase_specific_path
  File "/home/pi/API/middleware.py", line 106, in <module>
    @app.middleware("http")
     ^^^
NameError: name 'app' is not defined
[2026-08-13 20:17:49 +0900] [23490] [INFO] Worker exiting (pid: 23490)
[2026-08-13 20:17:50 +0900] [23446] [ERROR] Worker (pid:23491) exited with code 3
[2026-08-13 20:17:50 +0900] [23446] [ERROR] Worker (pid:23490) was sent SIGTERM!
[2026-08-13 20:17:50 +0900] [23446] [ERROR] Shutting down: Master
[2026-08-13 20:17:50 +0900] [23446] [ERROR] Reason: Worker failed to boot.
[2026-08-13 20:17:50 +0900] [23500] [INFO] Starting gunicorn 23.0.0
[2026-08-13 20:17:50 +0900] [23500] [INFO] Listening at: http://0.0.0.0:9900 (23500)
[2026-08-13 20:17:50 +0900] [23500] [INFO] Using worker: uvicorn.workers.UvicornWorker
[2026-08-13 20:17:50 +0900] [23544] [INFO] Booting worker with pid: 23544
[2026-08-13 20:17:50 +0900] [23545] [INFO] Booting worker with pid: 23545
[2026-08-13 20:17:52 +0900] [23544] [ERROR] Exception in worker process
Traceback (most recent call last):
  File "/home/pi/.pyenv/versions/3.11.13/lib/python3.11/site-packages/gunicorn/arbiter.py", line 608, in spawn_worker
    worker.init_process()
  File "/home/pi/.pyenv/versions/3.11.13/lib/python3.11/site-packages/uvicorn/workers.py", line 75, in init_process
    super().init_process()
  File "/home/pi/.pyenv/versions/3.11.13/lib/python3.11/site-packages/gunicorn/workers/base.py", line 135, in init_process
    self.load_wsgi()
  File "/home/pi/.pyenv/versions/3.11.13/lib/python3.11/site-packages/gunicorn/workers/base.py", line 147, in load_wsgi
    self.wsgi = self.app.wsgi()
                ^^^^^^^^^^^^^^^
  File "/home/pi/.pyenv/versions/3.11.13/lib/python3.11/site-packages/gunicorn/app/base.py", line 66, in wsgi
    self.callable = self.load()
                    ^^^^^^^^^^^
  File "/home/pi/.pyenv/versions/3.11.13/lib/python3.11/site-packages/gunicorn/app/wsgiapp.py", line 57, in load
    return self.load_wsgiapp()
           ^^^^^^^^^^^^^^^^^^^
  File "/home/pi/.pyenv/versions/3.11.13/lib/python3.11/site-packages/gunicorn/app/wsgiapp.py", line 47, in load_wsgiapp
    return util.import_app(self.app_uri)
           ^^^^^^^^^^^^^^^^^^^^^^^^^^^^^
  File "/home/pi/.pyenv/versions/3.11.13/lib/python3.11/site-packages/gunicorn/util.py", line 370, in import_app
    mod = importlib.import_module(module)
          ^^^^^^^^^^^^^^^^^^^^^^^^^^^^^^^
  File "/home/pi/.pyenv/versions/3.11.13/lib/python3.11/importlib/__init__.py", line 126, in import_module
    return _bootstrap._gcd_import(name[level:], package, level)
           ^^^^^^^^^^^^^^^^^^^^^^^^^^^^^^^^^^^^^^^^^^^^^^^^^^^^
  File "<frozen importlib._bootstrap>", line 1204, in _gcd_import
  File "<frozen importlib._bootstrap>", line 1176, in _find_and_load
  File "<frozen importlib._bootstrap>", line 1147, in _find_and_load_unlocked
  File "<frozen importlib._bootstrap>", line 690, in _load_unlocked
  File "<frozen importlib._bootstrap_external>", line 940, in exec_module
  File "<frozen importlib._bootstrap>", line 241, in _call_with_frames_removed
  File "/home/pi/API/main.py", line 33, in <module>
    from middleware import requests_control, lowercase_specific_path
  File "/home/pi/API/middleware.py", line 106, in <module>
    @app.middleware("http")
     ^^^
NameError: name 'app' is not defined
[2026-08-13 20:17:52 +0900] [23544] [INFO] Worker exiting (pid: 23544)
[2026-08-13 20:17:52 +0900] [23545] [ERROR] Exception in worker process
Traceback (most recent call last):
  File "/home/pi/.pyenv/versions/3.11.13/lib/python3.11/site-packages/gunicorn/arbiter.py", line 608, in spawn_worker
    worker.init_process()
  File "/home/pi/.pyenv/versions/3.11.13/lib/python3.11/site-packages/uvicorn/workers.py", line 75, in init_process
    super().init_process()
  File "/home/pi/.pyenv/versions/3.11.13/lib/python3.11/site-packages/gunicorn/workers/base.py", line 135, in init_process
    self.load_wsgi()
  File "/home/pi/.pyenv/versions/3.11.13/lib/python3.11/site-packages/gunicorn/workers/base.py", line 147, in load_wsgi
    self.wsgi = self.app.wsgi()
                ^^^^^^^^^^^^^^^
  File "/home/pi/.pyenv/versions/3.11.13/lib/python3.11/site-packages/gunicorn/app/base.py", line 66, in wsgi
    self.callable = self.load()
                    ^^^^^^^^^^^
  File "/home/pi/.pyenv/versions/3.11.13/lib/python3.11/site-packages/gunicorn/app/wsgiapp.py", line 57, in load
    return self.load_wsgiapp()
           ^^^^^^^^^^^^^^^^^^^
  File "/home/pi/.pyenv/versions/3.11.13/lib/python3.11/site-packages/gunicorn/app/wsgiapp.py", line 47, in load_wsgiapp
    return util.import_app(self.app_uri)
           ^^^^^^^^^^^^^^^^^^^^^^^^^^^^^
  File "/home/pi/.pyenv/versions/3.11.13/lib/python3.11/site-packages/gunicorn/util.py", line 370, in import_app
    mod = importlib.import_module(module)
          ^^^^^^^^^^^^^^^^^^^^^^^^^^^^^^^
  File "/home/pi/.pyenv/versions/3.11.13/lib/python3.11/importlib/__init__.py", line 126, in import_module
    return _bootstrap._gcd_import(name[level:], package, level)
           ^^^^^^^^^^^^^^^^^^^^^^^^^^^^^^^^^^^^^^^^^^^^^^^^^^^^
  File "<frozen importlib._bootstrap>", line 1204, in _gcd_import
  File "<frozen importlib._bootstrap>", line 1176, in _find_and_load
  File "<frozen importlib._bootstrap>", line 1147, in _find_and_load_unlocked
  File "<frozen importlib._bootstrap>", line 690, in _load_unlocked
  File "<frozen importlib._bootstrap_external>", line 940, in exec_module
  File "<frozen importlib._bootstrap>", line 241, in _call_with_frames_removed
  File "/home/pi/API/main.py", line 33, in <module>
    from middleware import requests_control, lowercase_specific_path
  File "/home/pi/API/middleware.py", line 106, in <module>
    @app.middleware("http")
     ^^^
NameError: name 'app' is not defined
[2026-08-13 20:17:52 +0900] [23545] [INFO] Worker exiting (pid: 23545)
[2026-08-13 20:17:52 +0900] [23500] [ERROR] Worker (pid:23544) exited with code 3
[2026-08-13 20:18:22 +0900] [23500] [ERROR] Shutting down: Master
[2026-08-13 20:18:22 +0900] [23500] [ERROR] Reason: Worker failed to boot.
[2026-08-13 20:18:23 +0900] [23684] [INFO] Starting gunicorn 23.0.0
[2026-08-13 20:18:23 +0900] [23684] [INFO] Listening at: http://0.0.0.0:9900 (23684)
[2026-08-13 20:18:23 +0900] [23684] [INFO] Using worker: uvicorn.workers.UvicornWorker
[2026-08-13 20:18:23 +0900] [23730] [INFO] Booting worker with pid: 23730
[2026-08-13 20:18:23 +0900] [23732] [INFO] Booting worker with pid: 23732
[2026-08-13 20:18:24 +0900] [23730] [ERROR] Exception in worker process
Traceback (most recent call last):
  File "/home/pi/.pyenv/versions/3.11.13/lib/python3.11/site-packages/gunicorn/arbiter.py", line 608, in spawn_worker
    worker.init_process()
  File "/home/pi/.pyenv/versions/3.11.13/lib/python3.11/site-packages/uvicorn/workers.py", line 75, in init_process
    super().init_process()
  File "/home/pi/.pyenv/versions/3.11.13/lib/python3.11/site-packages/gunicorn/workers/base.py", line 135, in init_process
    self.load_wsgi()
  File "/home/pi/.pyenv/versions/3.11.13/lib/python3.11/site-packages/gunicorn/workers/base.py", line 147, in load_wsgi
    self.wsgi = self.app.wsgi()
                ^^^^^^^^^^^^^^^
  File "/home/pi/.pyenv/versions/3.11.13/lib/python3.11/site-packages/gunicorn/app/base.py", line 66, in wsgi
    self.callable = self.load()
                    ^^^^^^^^^^^
  File "/home/pi/.pyenv/versions/3.11.13/lib/python3.11/site-packages/gunicorn/app/wsgiapp.py", line 57, in load
    return self.load_wsgiapp()
           ^^^^^^^^^^^^^^^^^^^
  File "/home/pi/.pyenv/versions/3.11.13/lib/python3.11/site-packages/gunicorn/app/wsgiapp.py", line 47, in load_wsgiapp
    return util.import_app(self.app_uri)
           ^^^^^^^^^^^^^^^^^^^^^^^^^^^^^
  File "/home/pi/.pyenv/versions/3.11.13/lib/python3.11/site-packages/gunicorn/util.py", line 370, in import_app
    mod = importlib.import_module(module)
          ^^^^^^^^^^^^^^^^^^^^^^^^^^^^^^^
  File "/home/pi/.pyenv/versions/3.11.13/lib/python3.11/importlib/__init__.py", line 126, in import_module
    return _bootstrap._gcd_import(name[level:], package, level)
           ^^^^^^^^^^^^^^^^^^^^^^^^^^^^^^^^^^^^^^^^^^^^^^^^^^^^
  File "<frozen importlib._bootstrap>", line 1204, in _gcd_import
  File "<frozen importlib._bootstrap>", line 1176, in _find_and_load
  File "<frozen importlib._bootstrap>", line 1147, in _find_and_load_unlocked
  File "<frozen importlib._bootstrap>", line 690, in _load_unlocked
  File "<frozen importlib._bootstrap_external>", line 940, in exec_module
  File "<frozen importlib._bootstrap>", line 241, in _call_with_frames_removed
  File "/home/pi/API/main.py", line 33, in <module>
    from middleware import requests_control
  File "/home/pi/API/middleware.py", line 106, in <module>
    @app.middleware("http")
     ^^^
NameError: name 'app' is not defined
[2026-08-13 20:18:24 +0900] [23730] [INFO] Worker exiting (pid: 23730)
[2026-08-13 20:18:25 +0900] [23732] [ERROR] Exception in worker process
Traceback (most recent call last):
  File "/home/pi/.pyenv/versions/3.11.13/lib/python3.11/site-packages/gunicorn/arbiter.py", line 608, in spawn_worker
    worker.init_process()
  File "/home/pi/.pyenv/versions/3.11.13/lib/python3.11/site-packages/uvicorn/workers.py", line 75, in init_process
    super().init_process()
  File "/home/pi/.pyenv/versions/3.11.13/lib/python3.11/site-packages/gunicorn/workers/base.py", line 135, in init_process
    self.load_wsgi()
  File "/home/pi/.pyenv/versions/3.11.13/lib/python3.11/site-packages/gunicorn/workers/base.py", line 147, in load_wsgi
    self.wsgi = self.app.wsgi()
                ^^^^^^^^^^^^^^^
  File "/home/pi/.pyenv/versions/3.11.13/lib/python3.11/site-packages/gunicorn/app/base.py", line 66, in wsgi
    self.callable = self.load()
                    ^^^^^^^^^^^
  File "/home/pi/.pyenv/versions/3.11.13/lib/python3.11/site-packages/gunicorn/app/wsgiapp.py", line 57, in load
    return self.load_wsgiapp()
           ^^^^^^^^^^^^^^^^^^^
  File "/home/pi/.pyenv/versions/3.11.13/lib/python3.11/site-packages/gunicorn/app/wsgiapp.py", line 47, in load_wsgiapp
    return util.import_app(self.app_uri)
           ^^^^^^^^^^^^^^^^^^^^^^^^^^^^^
  File "/home/pi/.pyenv/versions/3.11.13/lib/python3.11/site-packages/gunicorn/util.py", line 370, in import_app
    mod = importlib.import_module(module)
          ^^^^^^^^^^^^^^^^^^^^^^^^^^^^^^^
  File "/home/pi/.pyenv/versions/3.11.13/lib/python3.11/importlib/__init__.py", line 126, in import_module
    return _bootstrap._gcd_import(name[level:], package, level)
           ^^^^^^^^^^^^^^^^^^^^^^^^^^^^^^^^^^^^^^^^^^^^^^^^^^^^
  File "<frozen importlib._bootstrap>", line 1204, in _gcd_import
  File "<frozen importlib._bootstrap>", line 1176, in _find_and_load
  File "<frozen importlib._bootstrap>", line 1147, in _find_and_load_unlocked
  File "<frozen importlib._bootstrap>", line 690, in _load_unlocked
  File "<frozen importlib._bootstrap_external>", line 940, in exec_module
  File "<frozen importlib._bootstrap>", line 241, in _call_with_frames_removed
  File "/home/pi/API/main.py", line 33, in <module>
    from middleware import requests_control
  File "/home/pi/API/middleware.py", line 106, in <module>
    @app.middleware("http")
     ^^^
NameError: name 'app' is not defined
[2026-08-13 20:18:25 +0900] [23732] [INFO] Worker exiting (pid: 23732)
[2026-08-13 20:18:25 +0900] [23684] [ERROR] Worker (pid:23730) exited with code 3
[2026-08-13 20:18:25 +0900] [23684] [ERROR] Worker (pid:23732) was sent SIGTERM!
[2026-08-13 20:18:25 +0900] [23684] [ERROR] Shutting down: Master
[2026-08-13 20:18:25 +0900] [23684] [ERROR] Reason: Worker failed to boot.
[2026-08-13 20:18:26 +0900] [23740] [INFO] Starting gunicorn 23.0.0
[2026-08-13 20:18:26 +0900] [23740] [INFO] Listening at: http://0.0.0.0:9900 (23740)
[2026-08-13 20:18:26 +0900] [23740] [INFO] Using worker: uvicorn.workers.UvicornWorker
[2026-08-13 20:18:26 +0900] [23784] [INFO] Booting worker with pid: 23784
[2026-08-13 20:18:26 +0900] [23786] [INFO] Booting worker with pid: 23786
[2026-08-13 20:18:27 +0900] [23784] [ERROR] Exception in worker process
Traceback (most recent call last):
  File "/home/pi/.pyenv/versions/3.11.13/lib/python3.11/site-packages/gunicorn/arbiter.py", line 608, in spawn_worker
    worker.init_process()
  File "/home/pi/.pyenv/versions/3.11.13/lib/python3.11/site-packages/uvicorn/workers.py", line 75, in init_process
    super().init_process()
  File "/home/pi/.pyenv/versions/3.11.13/lib/python3.11/site-packages/gunicorn/workers/base.py", line 135, in init_process
    self.load_wsgi()
  File "/home/pi/.pyenv/versions/3.11.13/lib/python3.11/site-packages/gunicorn/workers/base.py", line 147, in load_wsgi
    self.wsgi = self.app.wsgi()
                ^^^^^^^^^^^^^^^
  File "/home/pi/.pyenv/versions/3.11.13/lib/python3.11/site-packages/gunicorn/app/base.py", line 66, in wsgi
    self.callable = self.load()
                    ^^^^^^^^^^^
  File "/home/pi/.pyenv/versions/3.11.13/lib/python3.11/site-packages/gunicorn/app/wsgiapp.py", line 57, in load
    return self.load_wsgiapp()
           ^^^^^^^^^^^^^^^^^^^
  File "/home/pi/.pyenv/versions/3.11.13/lib/python3.11/site-packages/gunicorn/app/wsgiapp.py", line 47, in load_wsgiapp
    return util.import_app(self.app_uri)
           ^^^^^^^^^^^^^^^^^^^^^^^^^^^^^
  File "/home/pi/.pyenv/versions/3.11.13/lib/python3.11/site-packages/gunicorn/util.py", line 370, in import_app
    mod = importlib.import_module(module)
          ^^^^^^^^^^^^^^^^^^^^^^^^^^^^^^^
  File "/home/pi/.pyenv/versions/3.11.13/lib/python3.11/importlib/__init__.py", line 126, in import_module
    return _bootstrap._gcd_import(name[level:], package, level)
           ^^^^^^^^^^^^^^^^^^^^^^^^^^^^^^^^^^^^^^^^^^^^^^^^^^^^
  File "<frozen importlib._bootstrap>", line 1204, in _gcd_import
  File "<frozen importlib._bootstrap>", line 1176, in _find_and_load
  File "<frozen importlib._bootstrap>", line 1147, in _find_and_load_unlocked
  File "<frozen importlib._bootstrap>", line 690, in _load_unlocked
  File "<frozen importlib._bootstrap_external>", line 940, in exec_module
  File "<frozen importlib._bootstrap>", line 241, in _call_with_frames_removed
  File "/home/pi/API/main.py", line 33, in <module>
    from middleware import requests_control
  File "/home/pi/API/middleware.py", line 106, in <module>
    @app.middleware("http")
     ^^^
NameError: name 'app' is not defined
[2026-08-13 20:18:27 +0900] [23784] [INFO] Worker exiting (pid: 23784)
[2026-08-13 20:18:27 +0900] [23786] [ERROR] Exception in worker process
Traceback (most recent call last):
  File "/home/pi/.pyenv/versions/3.11.13/lib/python3.11/site-packages/gunicorn/arbiter.py", line 608, in spawn_worker
    worker.init_process()
  File "/home/pi/.pyenv/versions/3.11.13/lib/python3.11/site-packages/uvicorn/workers.py", line 75, in init_process
    super().init_process()
  File "/home/pi/.pyenv/versions/3.11.13/lib/python3.11/site-packages/gunicorn/workers/base.py", line 135, in init_process
    self.load_wsgi()
  File "/home/pi/.pyenv/versions/3.11.13/lib/python3.11/site-packages/gunicorn/workers/base.py", line 147, in load_wsgi
    self.wsgi = self.app.wsgi()
                ^^^^^^^^^^^^^^^
  File "/home/pi/.pyenv/versions/3.11.13/lib/python3.11/site-packages/gunicorn/app/base.py", line 66, in wsgi
    self.callable = self.load()
                    ^^^^^^^^^^^
  File "/home/pi/.pyenv/versions/3.11.13/lib/python3.11/site-packages/gunicorn/app/wsgiapp.py", line 57, in load
    return self.load_wsgiapp()
           ^^^^^^^^^^^^^^^^^^^
  File "/home/pi/.pyenv/versions/3.11.13/lib/python3.11/site-packages/gunicorn/app/wsgiapp.py", line 47, in load_wsgiapp
    return util.import_app(self.app_uri)
           ^^^^^^^^^^^^^^^^^^^^^^^^^^^^^
  File "/home/pi/.pyenv/versions/3.11.13/lib/python3.11/site-packages/gunicorn/util.py", line 370, in import_app
    mod = importlib.import_module(module)
          ^^^^^^^^^^^^^^^^^^^^^^^^^^^^^^^
  File "/home/pi/.pyenv/versions/3.11.13/lib/python3.11/importlib/__init__.py", line 126, in import_module
    return _bootstrap._gcd_import(name[level:], package, level)
           ^^^^^^^^^^^^^^^^^^^^^^^^^^^^^^^^^^^^^^^^^^^^^^^^^^^^
  File "<frozen importlib._bootstrap>", line 1204, in _gcd_import
  File "<frozen importlib._bootstrap>", line 1176, in _find_and_load
  File "<frozen importlib._bootstrap>", line 1147, in _find_and_load_unlocked
  File "<frozen importlib._bootstrap>", line 690, in _load_unlocked
  File "<frozen importlib._bootstrap_external>", line 940, in exec_module
  File "<frozen importlib._bootstrap>", line 241, in _call_with_frames_removed
  File "/home/pi/API/main.py", line 33, in <module>
    from middleware import requests_control
  File "/home/pi/API/middleware.py", line 106, in <module>
    @app.middleware("http")
     ^^^
NameError: name 'app' is not defined
[2026-08-13 20:18:27 +0900] [23786] [INFO] Worker exiting (pid: 23786)
[2026-08-13 20:18:28 +0900] [23740] [ERROR] Worker (pid:23784) exited with code 3
[2026-08-13 20:18:28 +0900] [23740] [ERROR] Worker (pid:23786) was sent SIGTERM!
[2026-08-13 20:18:28 +0900] [23740] [ERROR] Shutting down: Master
[2026-08-13 20:18:28 +0900] [23740] [ERROR] Reason: Worker failed to boot.
[2026-08-13 20:18:28 +0900] [23795] [INFO] Starting gunicorn 23.0.0
[2026-08-13 20:18:28 +0900] [23795] [INFO] Listening at: http://0.0.0.0:9900 (23795)
[2026-08-13 20:18:28 +0900] [23795] [INFO] Using worker: uvicorn.workers.UvicornWorker
[2026-08-13 20:18:28 +0900] [23839] [INFO] Booting worker with pid: 23839
[2026-08-13 20:18:28 +0900] [23840] [INFO] Booting worker with pid: 23840
[2026-08-13 20:18:30 +0900] [23839] [ERROR] Exception in worker process
Traceback (most recent call last):
  File "/home/pi/.pyenv/versions/3.11.13/lib/python3.11/site-packages/gunicorn/arbiter.py", line 608, in spawn_worker
    worker.init_process()
  File "/home/pi/.pyenv/versions/3.11.13/lib/python3.11/site-packages/uvicorn/workers.py", line 75, in init_process
    super().init_process()
  File "/home/pi/.pyenv/versions/3.11.13/lib/python3.11/site-packages/gunicorn/workers/base.py", line 135, in init_process
    self.load_wsgi()
  File "/home/pi/.pyenv/versions/3.11.13/lib/python3.11/site-packages/gunicorn/workers/base.py", line 147, in load_wsgi
    self.wsgi = self.app.wsgi()
                ^^^^^^^^^^^^^^^
  File "/home/pi/.pyenv/versions/3.11.13/lib/python3.11/site-packages/gunicorn/app/base.py", line 66, in wsgi
    self.callable = self.load()
                    ^^^^^^^^^^^
  File "/home/pi/.pyenv/versions/3.11.13/lib/python3.11/site-packages/gunicorn/app/wsgiapp.py", line 57, in load
    return self.load_wsgiapp()
           ^^^^^^^^^^^^^^^^^^^
  File "/home/pi/.pyenv/versions/3.11.13/lib/python3.11/site-packages/gunicorn/app/wsgiapp.py", line 47, in load_wsgiapp
    return util.import_app(self.app_uri)
           ^^^^^^^^^^^^^^^^^^^^^^^^^^^^^
  File "/home/pi/.pyenv/versions/3.11.13/lib/python3.11/site-packages/gunicorn/util.py", line 370, in import_app
    mod = importlib.import_module(module)
          ^^^^^^^^^^^^^^^^^^^^^^^^^^^^^^^
  File "/home/pi/.pyenv/versions/3.11.13/lib/python3.11/importlib/__init__.py", line 126, in import_module
    return _bootstrap._gcd_import(name[level:], package, level)
           ^^^^^^^^^^^^^^^^^^^^^^^^^^^^^^^^^^^^^^^^^^^^^^^^^^^^
  File "<frozen importlib._bootstrap>", line 1204, in _gcd_import
  File "<frozen importlib._bootstrap>", line 1176, in _find_and_load
  File "<frozen importlib._bootstrap>", line 1147, in _find_and_load_unlocked
  File "<frozen importlib._bootstrap>", line 690, in _load_unlocked
  File "<frozen importlib._bootstrap_external>", line 940, in exec_module
  File "<frozen importlib._bootstrap>", line 241, in _call_with_frames_removed
  File "/home/pi/API/main.py", line 33, in <module>
    from middleware import requests_control
  File "/home/pi/API/middleware.py", line 106, in <module>
    @app.middleware("http")
     ^^^
NameError: name 'app' is not defined
[2026-08-13 20:18:30 +0900] [23840] [ERROR] Exception in worker process
Traceback (most recent call last):
  File "/home/pi/.pyenv/versions/3.11.13/lib/python3.11/site-packages/gunicorn/arbiter.py", line 608, in spawn_worker
    worker.init_process()
  File "/home/pi/.pyenv/versions/3.11.13/lib/python3.11/site-packages/uvicorn/workers.py", line 75, in init_process
    super().init_process()
  File "/home/pi/.pyenv/versions/3.11.13/lib/python3.11/site-packages/gunicorn/workers/base.py", line 135, in init_process
    self.load_wsgi()
  File "/home/pi/.pyenv/versions/3.11.13/lib/python3.11/site-packages/gunicorn/workers/base.py", line 147, in load_wsgi
    self.wsgi = self.app.wsgi()
                ^^^^^^^^^^^^^^^
  File "/home/pi/.pyenv/versions/3.11.13/lib/python3.11/site-packages/gunicorn/app/base.py", line 66, in wsgi
    self.callable = self.load()
                    ^^^^^^^^^^^
  File "/home/pi/.pyenv/versions/3.11.13/lib/python3.11/site-packages/gunicorn/app/wsgiapp.py", line 57, in load
    return self.load_wsgiapp()
           ^^^^^^^^^^^^^^^^^^^
  File "/home/pi/.pyenv/versions/3.11.13/lib/python3.11/site-packages/gunicorn/app/wsgiapp.py", line 47, in load_wsgiapp
    return util.import_app(self.app_uri)
           ^^^^^^^^^^^^^^^^^^^^^^^^^^^^^
  File "/home/pi/.pyenv/versions/3.11.13/lib/python3.11/site-packages/gunicorn/util.py", line 370, in import_app
    mod = importlib.import_module(module)
          ^^^^^^^^^^^^^^^^^^^^^^^^^^^^^^^
  File "/home/pi/.pyenv/versions/3.11.13/lib/python3.11/importlib/__init__.py", line 126, in import_module
    return _bootstrap._gcd_import(name[level:], package, level)
           ^^^^^^^^^^^^^^^^^^^^^^^^^^^^^^^^^^^^^^^^^^^^^^^^^^^^
  File "<frozen importlib._bootstrap>", line 1204, in _gcd_import
  File "<frozen importlib._bootstrap>", line 1176, in _find_and_load
  File "<frozen importlib._bootstrap>", line 1147, in _find_and_load_unlocked
  File "<frozen importlib._bootstrap>", line 690, in _load_unlocked
  File "<frozen importlib._bootstrap_external>", line 940, in exec_module
  File "<frozen importlib._bootstrap>", line 241, in _call_with_frames_removed
  File "/home/pi/API/main.py", line 33, in <module>
    from middleware import requests_control
  File "/home/pi/API/middleware.py", line 106, in <module>
    @app.middleware("http")
     ^^^
NameError: name 'app' is not defined
[2026-08-13 20:18:30 +0900] [23840] [INFO] Worker exiting (pid: 23840)
[2026-08-13 20:18:30 +0900] [23839] [INFO] Worker exiting (pid: 23839)
[2026-08-13 20:18:30 +0900] [23795] [ERROR] Worker (pid:23839) exited with code 3
[2026-08-13 20:18:30 +0900] [23795] [ERROR] Shutting down: Master
[2026-08-13 20:18:30 +0900] [23795] [ERROR] Reason: Worker failed to boot.
[2026-08-13 20:18:31 +0900] [23849] [INFO] Starting gunicorn 23.0.0
[2026-08-13 20:18:31 +0900] [23849] [INFO] Listening at: http://0.0.0.0:9900 (23849)
[2026-08-13 20:18:31 +0900] [23849] [INFO] Using worker: uvicorn.workers.UvicornWorker
[2026-08-13 20:18:31 +0900] [23893] [INFO] Booting worker with pid: 23893
[2026-08-13 20:18:31 +0900] [23895] [INFO] Booting worker with pid: 23895
[2026-08-13 20:18:32 +0900] [23893] [ERROR] Exception in worker process
Traceback (most recent call last):
  File "/home/pi/.pyenv/versions/3.11.13/lib/python3.11/site-packages/gunicorn/arbiter.py", line 608, in spawn_worker
    worker.init_process()
  File "/home/pi/.pyenv/versions/3.11.13/lib/python3.11/site-packages/uvicorn/workers.py", line 75, in init_process
    super().init_process()
  File "/home/pi/.pyenv/versions/3.11.13/lib/python3.11/site-packages/gunicorn/workers/base.py", line 135, in init_process
    self.load_wsgi()
  File "/home/pi/.pyenv/versions/3.11.13/lib/python3.11/site-packages/gunicorn/workers/base.py", line 147, in load_wsgi
    self.wsgi = self.app.wsgi()
                ^^^^^^^^^^^^^^^
  File "/home/pi/.pyenv/versions/3.11.13/lib/python3.11/site-packages/gunicorn/app/base.py", line 66, in wsgi
    self.callable = self.load()
                    ^^^^^^^^^^^
  File "/home/pi/.pyenv/versions/3.11.13/lib/python3.11/site-packages/gunicorn/app/wsgiapp.py", line 57, in load
    return self.load_wsgiapp()
           ^^^^^^^^^^^^^^^^^^^
  File "/home/pi/.pyenv/versions/3.11.13/lib/python3.11/site-packages/gunicorn/app/wsgiapp.py", line 47, in load_wsgiapp
    return util.import_app(self.app_uri)
           ^^^^^^^^^^^^^^^^^^^^^^^^^^^^^
  File "/home/pi/.pyenv/versions/3.11.13/lib/python3.11/site-packages/gunicorn/util.py", line 370, in import_app
    mod = importlib.import_module(module)
          ^^^^^^^^^^^^^^^^^^^^^^^^^^^^^^^
  File "/home/pi/.pyenv/versions/3.11.13/lib/python3.11/importlib/__init__.py", line 126, in import_module
    return _bootstrap._gcd_import(name[level:], package, level)
           ^^^^^^^^^^^^^^^^^^^^^^^^^^^^^^^^^^^^^^^^^^^^^^^^^^^^
  File "<frozen importlib._bootstrap>", line 1204, in _gcd_import
  File "<frozen importlib._bootstrap>", line 1176, in _find_and_load
  File "<frozen importlib._bootstrap>", line 1147, in _find_and_load_unlocked
  File "<frozen importlib._bootstrap>", line 690, in _load_unlocked
  File "<frozen importlib._bootstrap_external>", line 940, in exec_module
  File "<frozen importlib._bootstrap>", line 241, in _call_with_frames_removed
  File "/home/pi/API/main.py", line 33, in <module>
    from middleware import requests_control
  File "/home/pi/API/middleware.py", line 106, in <module>
    @app.middleware("http")
     ^^^
NameError: name 'app' is not defined
[2026-08-13 20:18:32 +0900] [23893] [INFO] Worker exiting (pid: 23893)
[2026-08-13 20:18:33 +0900] [23895] [ERROR] Exception in worker process
Traceback (most recent call last):
  File "/home/pi/.pyenv/versions/3.11.13/lib/python3.11/site-packages/gunicorn/arbiter.py", line 608, in spawn_worker
    worker.init_process()
  File "/home/pi/.pyenv/versions/3.11.13/lib/python3.11/site-packages/uvicorn/workers.py", line 75, in init_process
    super().init_process()
  File "/home/pi/.pyenv/versions/3.11.13/lib/python3.11/site-packages/gunicorn/workers/base.py", line 135, in init_process
    self.load_wsgi()
  File "/home/pi/.pyenv/versions/3.11.13/lib/python3.11/site-packages/gunicorn/workers/base.py", line 147, in load_wsgi
    self.wsgi = self.app.wsgi()
                ^^^^^^^^^^^^^^^
  File "/home/pi/.pyenv/versions/3.11.13/lib/python3.11/site-packages/gunicorn/app/base.py", line 66, in wsgi
    self.callable = self.load()
                    ^^^^^^^^^^^
  File "/home/pi/.pyenv/versions/3.11.13/lib/python3.11/site-packages/gunicorn/app/wsgiapp.py", line 57, in load
    return self.load_wsgiapp()
           ^^^^^^^^^^^^^^^^^^^
  File "/home/pi/.pyenv/versions/3.11.13/lib/python3.11/site-packages/gunicorn/app/wsgiapp.py", line 47, in load_wsgiapp
    return util.import_app(self.app_uri)
           ^^^^^^^^^^^^^^^^^^^^^^^^^^^^^
  File "/home/pi/.pyenv/versions/3.11.13/lib/python3.11/site-packages/gunicorn/util.py", line 370, in import_app
    mod = importlib.import_module(module)
          ^^^^^^^^^^^^^^^^^^^^^^^^^^^^^^^
  File "/home/pi/.pyenv/versions/3.11.13/lib/python3.11/importlib/__init__.py", line 126, in import_module
    return _bootstrap._gcd_import(name[level:], package, level)
           ^^^^^^^^^^^^^^^^^^^^^^^^^^^^^^^^^^^^^^^^^^^^^^^^^^^^
  File "<frozen importlib._bootstrap>", line 1204, in _gcd_import
  File "<frozen importlib._bootstrap>", line 1176, in _find_and_load
  File "<frozen importlib._bootstrap>", line 1147, in _find_and_load_unlocked
  File "<frozen importlib._bootstrap>", line 690, in _load_unlocked
  File "<frozen importlib._bootstrap_external>", line 940, in exec_module
  File "<frozen importlib._bootstrap>", line 241, in _call_with_frames_removed
  File "/home/pi/API/main.py", line 33, in <module>
    from middleware import requests_control
  File "/home/pi/API/middleware.py", line 106, in <module>
    @app.middleware("http")
     ^^^
NameError: name 'app' is not defined
[2026-08-13 20:18:33 +0900] [23895] [INFO] Worker exiting (pid: 23895)
[2026-08-13 20:18:33 +0900] [23849] [ERROR] Worker (pid:23893) exited with code 3
[2026-08-13 20:18:33 +0900] [23849] [ERROR] Worker (pid:23895) was sent SIGTERM!
[2026-08-13 20:18:33 +0900] [23849] [ERROR] Shutting down: Master
[2026-08-13 20:18:33 +0900] [23849] [ERROR] Reason: Worker failed to boot.
[2026-08-13 20:18:34 +0900] [23903] [INFO] Starting gunicorn 23.0.0
[2026-08-13 20:18:34 +0900] [23903] [INFO] Listening at: http://0.0.0.0:9900 (23903)
[2026-08-13 20:18:34 +0900] [23903] [INFO] Using worker: uvicorn.workers.UvicornWorker
[2026-08-13 20:18:34 +0900] [23947] [INFO] Booting worker with pid: 23947
[2026-08-13 20:18:34 +0900] [23949] [INFO] Booting worker with pid: 23949
[2026-08-13 20:18:35 +0900] [23947] [ERROR] Exception in worker process
Traceback (most recent call last):
  File "/home/pi/.pyenv/versions/3.11.13/lib/python3.11/site-packages/gunicorn/arbiter.py", line 608, in spawn_worker
    worker.init_process()
  File "/home/pi/.pyenv/versions/3.11.13/lib/python3.11/site-packages/uvicorn/workers.py", line 75, in init_process
    super().init_process()
  File "/home/pi/.pyenv/versions/3.11.13/lib/python3.11/site-packages/gunicorn/workers/base.py", line 135, in init_process
    self.load_wsgi()
  File "/home/pi/.pyenv/versions/3.11.13/lib/python3.11/site-packages/gunicorn/workers/base.py", line 147, in load_wsgi
    self.wsgi = self.app.wsgi()
                ^^^^^^^^^^^^^^^
  File "/home/pi/.pyenv/versions/3.11.13/lib/python3.11/site-packages/gunicorn/app/base.py", line 66, in wsgi
    self.callable = self.load()
                    ^^^^^^^^^^^
  File "/home/pi/.pyenv/versions/3.11.13/lib/python3.11/site-packages/gunicorn/app/wsgiapp.py", line 57, in load
    return self.load_wsgiapp()
           ^^^^^^^^^^^^^^^^^^^
  File "/home/pi/.pyenv/versions/3.11.13/lib/python3.11/site-packages/gunicorn/app/wsgiapp.py", line 47, in load_wsgiapp
    return util.import_app(self.app_uri)
           ^^^^^^^^^^^^^^^^^^^^^^^^^^^^^
  File "/home/pi/.pyenv/versions/3.11.13/lib/python3.11/site-packages/gunicorn/util.py", line 370, in import_app
    mod = importlib.import_module(module)
          ^^^^^^^^^^^^^^^^^^^^^^^^^^^^^^^
  File "/home/pi/.pyenv/versions/3.11.13/lib/python3.11/importlib/__init__.py", line 126, in import_module
    return _bootstrap._gcd_import(name[level:], package, level)
           ^^^^^^^^^^^^^^^^^^^^^^^^^^^^^^^^^^^^^^^^^^^^^^^^^^^^
  File "<frozen importlib._bootstrap>", line 1204, in _gcd_import
  File "<frozen importlib._bootstrap>", line 1176, in _find_and_load
  File "<frozen importlib._bootstrap>", line 1147, in _find_and_load_unlocked
  File "<frozen importlib._bootstrap>", line 690, in _load_unlocked
  File "<frozen importlib._bootstrap_external>", line 940, in exec_module
  File "<frozen importlib._bootstrap>", line 241, in _call_with_frames_removed
  File "/home/pi/API/main.py", line 33, in <module>
    from middleware import requests_control
  File "/home/pi/API/middleware.py", line 106, in <module>
    @app.middleware("http")
     ^^^
NameError: name 'app' is not defined
[2026-08-13 20:18:35 +0900] [23947] [INFO] Worker exiting (pid: 23947)
[2026-08-13 20:18:35 +0900] [23949] [ERROR] Exception in worker process
Traceback (most recent call last):
  File "/home/pi/.pyenv/versions/3.11.13/lib/python3.11/site-packages/gunicorn/arbiter.py", line 608, in spawn_worker
    worker.init_process()
  File "/home/pi/.pyenv/versions/3.11.13/lib/python3.11/site-packages/uvicorn/workers.py", line 75, in init_process
    super().init_process()
  File "/home/pi/.pyenv/versions/3.11.13/lib/python3.11/site-packages/gunicorn/workers/base.py", line 135, in init_process
    self.load_wsgi()
  File "/home/pi/.pyenv/versions/3.11.13/lib/python3.11/site-packages/gunicorn/workers/base.py", line 147, in load_wsgi
    self.wsgi = self.app.wsgi()
                ^^^^^^^^^^^^^^^
  File "/home/pi/.pyenv/versions/3.11.13/lib/python3.11/site-packages/gunicorn/app/base.py", line 66, in wsgi
    self.callable = self.load()
                    ^^^^^^^^^^^
  File "/home/pi/.pyenv/versions/3.11.13/lib/python3.11/site-packages/gunicorn/app/wsgiapp.py", line 57, in load
    return self.load_wsgiapp()
           ^^^^^^^^^^^^^^^^^^^
  File "/home/pi/.pyenv/versions/3.11.13/lib/python3.11/site-packages/gunicorn/app/wsgiapp.py", line 47, in load_wsgiapp
    return util.import_app(self.app_uri)
           ^^^^^^^^^^^^^^^^^^^^^^^^^^^^^
  File "/home/pi/.pyenv/versions/3.11.13/lib/python3.11/site-packages/gunicorn/util.py", line 370, in import_app
    mod = importlib.import_module(module)
          ^^^^^^^^^^^^^^^^^^^^^^^^^^^^^^^
  File "/home/pi/.pyenv/versions/3.11.13/lib/python3.11/importlib/__init__.py", line 126, in import_module
    return _bootstrap._gcd_import(name[level:], package, level)
           ^^^^^^^^^^^^^^^^^^^^^^^^^^^^^^^^^^^^^^^^^^^^^^^^^^^^
  File "<frozen importlib._bootstrap>", line 1204, in _gcd_import
  File "<frozen importlib._bootstrap>", line 1176, in _find_and_load
  File "<frozen importlib._bootstrap>", line 1147, in _find_and_load_unlocked
  File "<frozen importlib._bootstrap>", line 690, in _load_unlocked
  File "<frozen importlib._bootstrap_external>", line 940, in exec_module
  File "<frozen importlib._bootstrap>", line 241, in _call_with_frames_removed
  File "/home/pi/API/main.py", line 33, in <module>
    from middleware import requests_control
  File "/home/pi/API/middleware.py", line 106, in <module>
    @app.middleware("http")
     ^^^
NameError: name 'app' is not defined
[2026-08-13 20:18:35 +0900] [23949] [INFO] Worker exiting (pid: 23949)
[2026-08-13 20:18:36 +0900] [23903] [ERROR] Worker (pid:23947) exited with code 3
[2026-08-13 20:18:36 +0900] [23903] [ERROR] Worker (pid:23949) was sent SIGTERM!
[2026-08-13 20:18:36 +0900] [23903] [ERROR] Shutting down: Master
[2026-08-13 20:18:36 +0900] [23903] [ERROR] Reason: Worker failed to boot.
[2026-08-13 20:18:36 +0900] [23957] [INFO] Starting gunicorn 23.0.0
[2026-08-13 20:18:36 +0900] [23957] [INFO] Listening at: http://0.0.0.0:9900 (23957)
[2026-08-13 20:18:36 +0900] [23957] [INFO] Using worker: uvicorn.workers.UvicornWorker
[2026-08-13 20:18:36 +0900] [24001] [INFO] Booting worker with pid: 24001
[2026-08-13 20:18:36 +0900] [24003] [INFO] Booting worker with pid: 24003
[2026-08-13 20:18:38 +0900] [24001] [ERROR] Exception in worker process
Traceback (most recent call last):
  File "/home/pi/.pyenv/versions/3.11.13/lib/python3.11/site-packages/gunicorn/arbiter.py", line 608, in spawn_worker
    worker.init_process()
  File "/home/pi/.pyenv/versions/3.11.13/lib/python3.11/site-packages/uvicorn/workers.py", line 75, in init_process
    super().init_process()
  File "/home/pi/.pyenv/versions/3.11.13/lib/python3.11/site-packages/gunicorn/workers/base.py", line 135, in init_process
    self.load_wsgi()
  File "/home/pi/.pyenv/versions/3.11.13/lib/python3.11/site-packages/gunicorn/workers/base.py", line 147, in load_wsgi
    self.wsgi = self.app.wsgi()
                ^^^^^^^^^^^^^^^
  File "/home/pi/.pyenv/versions/3.11.13/lib/python3.11/site-packages/gunicorn/app/base.py", line 66, in wsgi
    self.callable = self.load()
                    ^^^^^^^^^^^
  File "/home/pi/.pyenv/versions/3.11.13/lib/python3.11/site-packages/gunicorn/app/wsgiapp.py", line 57, in load
    return self.load_wsgiapp()
           ^^^^^^^^^^^^^^^^^^^
  File "/home/pi/.pyenv/versions/3.11.13/lib/python3.11/site-packages/gunicorn/app/wsgiapp.py", line 47, in load_wsgiapp
    return util.import_app(self.app_uri)
           ^^^^^^^^^^^^^^^^^^^^^^^^^^^^^
  File "/home/pi/.pyenv/versions/3.11.13/lib/python3.11/site-packages/gunicorn/util.py", line 370, in import_app
    mod = importlib.import_module(module)
          ^^^^^^^^^^^^^^^^^^^^^^^^^^^^^^^
  File "/home/pi/.pyenv/versions/3.11.13/lib/python3.11/importlib/__init__.py", line 126, in import_module
    return _bootstrap._gcd_import(name[level:], package, level)
           ^^^^^^^^^^^^^^^^^^^^^^^^^^^^^^^^^^^^^^^^^^^^^^^^^^^^
  File "<frozen importlib._bootstrap>", line 1204, in _gcd_import
  File "<frozen importlib._bootstrap>", line 1176, in _find_and_load
  File "<frozen importlib._bootstrap>", line 1147, in _find_and_load_unlocked
  File "<frozen importlib._bootstrap>", line 690, in _load_unlocked
  File "<frozen importlib._bootstrap_external>", line 940, in exec_module
  File "<frozen importlib._bootstrap>", line 241, in _call_with_frames_removed
  File "/home/pi/API/main.py", line 33, in <module>
    from middleware import requests_control
  File "/home/pi/API/middleware.py", line 106, in <module>
    @app.middleware("http")
     ^^^
NameError: name 'app' is not defined
[2026-08-13 20:18:38 +0900] [24001] [INFO] Worker exiting (pid: 24001)
[2026-08-13 20:18:38 +0900] [24003] [ERROR] Exception in worker process
Traceback (most recent call last):
  File "/home/pi/.pyenv/versions/3.11.13/lib/python3.11/site-packages/gunicorn/arbiter.py", line 608, in spawn_worker
    worker.init_process()
  File "/home/pi/.pyenv/versions/3.11.13/lib/python3.11/site-packages/uvicorn/workers.py", line 75, in init_process
    super().init_process()
  File "/home/pi/.pyenv/versions/3.11.13/lib/python3.11/site-packages/gunicorn/workers/base.py", line 135, in init_process
    self.load_wsgi()
  File "/home/pi/.pyenv/versions/3.11.13/lib/python3.11/site-packages/gunicorn/workers/base.py", line 147, in load_wsgi
    self.wsgi = self.app.wsgi()
                ^^^^^^^^^^^^^^^
  File "/home/pi/.pyenv/versions/3.11.13/lib/python3.11/site-packages/gunicorn/app/base.py", line 66, in wsgi
    self.callable = self.load()
                    ^^^^^^^^^^^
  File "/home/pi/.pyenv/versions/3.11.13/lib/python3.11/site-packages/gunicorn/app/wsgiapp.py", line 57, in load
    return self.load_wsgiapp()
           ^^^^^^^^^^^^^^^^^^^
  File "/home/pi/.pyenv/versions/3.11.13/lib/python3.11/site-packages/gunicorn/app/wsgiapp.py", line 47, in load_wsgiapp
    return util.import_app(self.app_uri)
           ^^^^^^^^^^^^^^^^^^^^^^^^^^^^^
  File "/home/pi/.pyenv/versions/3.11.13/lib/python3.11/site-packages/gunicorn/util.py", line 370, in import_app
    mod = importlib.import_module(module)
          ^^^^^^^^^^^^^^^^^^^^^^^^^^^^^^^
  File "/home/pi/.pyenv/versions/3.11.13/lib/python3.11/importlib/__init__.py", line 126, in import_module
    return _bootstrap._gcd_import(name[level:], package, level)
           ^^^^^^^^^^^^^^^^^^^^^^^^^^^^^^^^^^^^^^^^^^^^^^^^^^^^
  File "<frozen importlib._bootstrap>", line 1204, in _gcd_import
  File "<frozen importlib._bootstrap>", line 1176, in _find_and_load
  File "<frozen importlib._bootstrap>", line 1147, in _find_and_load_unlocked
  File "<frozen importlib._bootstrap>", line 690, in _load_unlocked
  File "<frozen importlib._bootstrap_external>", line 940, in exec_module
  File "<frozen importlib._bootstrap>", line 241, in _call_with_frames_removed
  File "/home/pi/API/main.py", line 33, in <module>
    from middleware import requests_control
  File "/home/pi/API/middleware.py", line 106, in <module>
    @app.middleware("http")
     ^^^
NameError: name 'app' is not defined
[2026-08-13 20:18:38 +0900] [24003] [INFO] Worker exiting (pid: 24003)
[2026-08-13 20:18:38 +0900] [23957] [ERROR] Worker (pid:24001) exited with code 3
[2026-08-13 20:18:38 +0900] [23957] [ERROR] Worker (pid:24003) was sent SIGTERM!
[2026-08-13 20:18:38 +0900] [23957] [ERROR] Shutting down: Master
[2026-08-13 20:18:38 +0900] [23957] [ERROR] Reason: Worker failed to boot.
[2026-08-13 20:18:39 +0900] [24011] [INFO] Starting gunicorn 23.0.0
[2026-08-13 20:18:39 +0900] [24011] [INFO] Listening at: http://0.0.0.0:9900 (24011)
[2026-08-13 20:18:39 +0900] [24011] [INFO] Using worker: uvicorn.workers.UvicornWorker
[2026-08-13 20:18:39 +0900] [24055] [INFO] Booting worker with pid: 24055
[2026-08-13 20:18:39 +0900] [24057] [INFO] Booting worker with pid: 24057
[2026-08-13 20:18:40 +0900] [24055] [ERROR] Exception in worker process
Traceback (most recent call last):
  File "/home/pi/.pyenv/versions/3.11.13/lib/python3.11/site-packages/gunicorn/arbiter.py", line 608, in spawn_worker
    worker.init_process()
  File "/home/pi/.pyenv/versions/3.11.13/lib/python3.11/site-packages/uvicorn/workers.py", line 75, in init_process
    super().init_process()
  File "/home/pi/.pyenv/versions/3.11.13/lib/python3.11/site-packages/gunicorn/workers/base.py", line 135, in init_process
    self.load_wsgi()
  File "/home/pi/.pyenv/versions/3.11.13/lib/python3.11/site-packages/gunicorn/workers/base.py", line 147, in load_wsgi
    self.wsgi = self.app.wsgi()
                ^^^^^^^^^^^^^^^
  File "/home/pi/.pyenv/versions/3.11.13/lib/python3.11/site-packages/gunicorn/app/base.py", line 66, in wsgi
    self.callable = self.load()
                    ^^^^^^^^^^^
  File "/home/pi/.pyenv/versions/3.11.13/lib/python3.11/site-packages/gunicorn/app/wsgiapp.py", line 57, in load
    return self.load_wsgiapp()
           ^^^^^^^^^^^^^^^^^^^
  File "/home/pi/.pyenv/versions/3.11.13/lib/python3.11/site-packages/gunicorn/app/wsgiapp.py", line 47, in load_wsgiapp
    return util.import_app(self.app_uri)
           ^^^^^^^^^^^^^^^^^^^^^^^^^^^^^
  File "/home/pi/.pyenv/versions/3.11.13/lib/python3.11/site-packages/gunicorn/util.py", line 370, in import_app
    mod = importlib.import_module(module)
          ^^^^^^^^^^^^^^^^^^^^^^^^^^^^^^^
  File "/home/pi/.pyenv/versions/3.11.13/lib/python3.11/importlib/__init__.py", line 126, in import_module
    return _bootstrap._gcd_import(name[level:], package, level)
           ^^^^^^^^^^^^^^^^^^^^^^^^^^^^^^^^^^^^^^^^^^^^^^^^^^^^
  File "<frozen importlib._bootstrap>", line 1204, in _gcd_import
  File "<frozen importlib._bootstrap>", line 1176, in _find_and_load
  File "<frozen importlib._bootstrap>", line 1147, in _find_and_load_unlocked
  File "<frozen importlib._bootstrap>", line 690, in _load_unlocked
  File "<frozen importlib._bootstrap_external>", line 940, in exec_module
  File "<frozen importlib._bootstrap>", line 241, in _call_with_frames_removed
  File "/home/pi/API/main.py", line 33, in <module>
    from middleware import requests_control
  File "/home/pi/API/middleware.py", line 106, in <module>
    @app.middleware("http")
     ^^^
NameError: name 'app' is not defined
[2026-08-13 20:18:40 +0900] [24055] [INFO] Worker exiting (pid: 24055)
[2026-08-13 20:18:40 +0900] [24057] [ERROR] Exception in worker process
Traceback (most recent call last):
  File "/home/pi/.pyenv/versions/3.11.13/lib/python3.11/site-packages/gunicorn/arbiter.py", line 608, in spawn_worker
    worker.init_process()
  File "/home/pi/.pyenv/versions/3.11.13/lib/python3.11/site-packages/uvicorn/workers.py", line 75, in init_process
    super().init_process()
  File "/home/pi/.pyenv/versions/3.11.13/lib/python3.11/site-packages/gunicorn/workers/base.py", line 135, in init_process
    self.load_wsgi()
  File "/home/pi/.pyenv/versions/3.11.13/lib/python3.11/site-packages/gunicorn/workers/base.py", line 147, in load_wsgi
    self.wsgi = self.app.wsgi()
                ^^^^^^^^^^^^^^^
  File "/home/pi/.pyenv/versions/3.11.13/lib/python3.11/site-packages/gunicorn/app/base.py", line 66, in wsgi
    self.callable = self.load()
                    ^^^^^^^^^^^
  File "/home/pi/.pyenv/versions/3.11.13/lib/python3.11/site-packages/gunicorn/app/wsgiapp.py", line 57, in load
    return self.load_wsgiapp()
           ^^^^^^^^^^^^^^^^^^^
  File "/home/pi/.pyenv/versions/3.11.13/lib/python3.11/site-packages/gunicorn/app/wsgiapp.py", line 47, in load_wsgiapp
    return util.import_app(self.app_uri)
           ^^^^^^^^^^^^^^^^^^^^^^^^^^^^^
  File "/home/pi/.pyenv/versions/3.11.13/lib/python3.11/site-packages/gunicorn/util.py", line 370, in import_app
    mod = importlib.import_module(module)
          ^^^^^^^^^^^^^^^^^^^^^^^^^^^^^^^
  File "/home/pi/.pyenv/versions/3.11.13/lib/python3.11/importlib/__init__.py", line 126, in import_module
    return _bootstrap._gcd_import(name[level:], package, level)
           ^^^^^^^^^^^^^^^^^^^^^^^^^^^^^^^^^^^^^^^^^^^^^^^^^^^^
  File "<frozen importlib._bootstrap>", line 1204, in _gcd_import
  File "<frozen importlib._bootstrap>", line 1176, in _find_and_load
  File "<frozen importlib._bootstrap>", line 1147, in _find_and_load_unlocked
  File "<frozen importlib._bootstrap>", line 690, in _load_unlocked
  File "<frozen importlib._bootstrap_external>", line 940, in exec_module
  File "<frozen importlib._bootstrap>", line 241, in _call_with_frames_removed
  File "/home/pi/API/main.py", line 33, in <module>
    from middleware import requests_control
  File "/home/pi/API/middleware.py", line 106, in <module>
    @app.middleware("http")
     ^^^
NameError: name 'app' is not defined
[2026-08-13 20:18:40 +0900] [24057] [INFO] Worker exiting (pid: 24057)
[2026-08-13 20:18:41 +0900] [24011] [ERROR] Worker (pid:24055) exited with code 3
[2026-08-13 20:18:41 +0900] [24011] [ERROR] Worker (pid:24057) was sent SIGTERM!
[2026-08-13 20:18:41 +0900] [24011] [ERROR] Shutting down: Master
[2026-08-13 20:18:41 +0900] [24011] [ERROR] Reason: Worker failed to boot.
[2026-08-13 20:18:41 +0900] [24065] [INFO] Starting gunicorn 23.0.0
[2026-08-13 20:18:41 +0900] [24065] [INFO] Listening at: http://0.0.0.0:9900 (24065)
[2026-08-13 20:18:41 +0900] [24065] [INFO] Using worker: uvicorn.workers.UvicornWorker
[2026-08-13 20:18:41 +0900] [24109] [INFO] Booting worker with pid: 24109
[2026-08-13 20:18:41 +0900] [24111] [INFO] Booting worker with pid: 24111
[2026-08-13 20:18:42 +0900] [24109] [ERROR] Exception in worker process
Traceback (most recent call last):
  File "/home/pi/.pyenv/versions/3.11.13/lib/python3.11/site-packages/gunicorn/arbiter.py", line 608, in spawn_worker
    worker.init_process()
  File "/home/pi/.pyenv/versions/3.11.13/lib/python3.11/site-packages/uvicorn/workers.py", line 75, in init_process
    super().init_process()
  File "/home/pi/.pyenv/versions/3.11.13/lib/python3.11/site-packages/gunicorn/workers/base.py", line 135, in init_process
    self.load_wsgi()
  File "/home/pi/.pyenv/versions/3.11.13/lib/python3.11/site-packages/gunicorn/workers/base.py", line 147, in load_wsgi
    self.wsgi = self.app.wsgi()
                ^^^^^^^^^^^^^^^
  File "/home/pi/.pyenv/versions/3.11.13/lib/python3.11/site-packages/gunicorn/app/base.py", line 66, in wsgi
    self.callable = self.load()
                    ^^^^^^^^^^^
  File "/home/pi/.pyenv/versions/3.11.13/lib/python3.11/site-packages/gunicorn/app/wsgiapp.py", line 57, in load
    return self.load_wsgiapp()
           ^^^^^^^^^^^^^^^^^^^
  File "/home/pi/.pyenv/versions/3.11.13/lib/python3.11/site-packages/gunicorn/app/wsgiapp.py", line 47, in load_wsgiapp
    return util.import_app(self.app_uri)
           ^^^^^^^^^^^^^^^^^^^^^^^^^^^^^
  File "/home/pi/.pyenv/versions/3.11.13/lib/python3.11/site-packages/gunicorn/util.py", line 370, in import_app
    mod = importlib.import_module(module)
          ^^^^^^^^^^^^^^^^^^^^^^^^^^^^^^^
  File "/home/pi/.pyenv/versions/3.11.13/lib/python3.11/importlib/__init__.py", line 126, in import_module
    return _bootstrap._gcd_import(name[level:], package, level)
           ^^^^^^^^^^^^^^^^^^^^^^^^^^^^^^^^^^^^^^^^^^^^^^^^^^^^
  File "<frozen importlib._bootstrap>", line 1204, in _gcd_import
  File "<frozen importlib._bootstrap>", line 1176, in _find_and_load
  File "<frozen importlib._bootstrap>", line 1147, in _find_and_load_unlocked
  File "<frozen importlib._bootstrap>", line 690, in _load_unlocked
  File "<frozen importlib._bootstrap_external>", line 940, in exec_module
  File "<frozen importlib._bootstrap>", line 241, in _call_with_frames_removed
  File "/home/pi/API/main.py", line 33, in <module>
    from middleware import requests_control
  File "/home/pi/API/middleware.py", line 106, in <module>
    @app.middleware("http")
     ^^^
NameError: name 'app' is not defined
[2026-08-13 20:18:42 +0900] [24109] [INFO] Worker exiting (pid: 24109)
[2026-08-13 20:18:43 +0900] [24111] [ERROR] Exception in worker process
Traceback (most recent call last):
  File "/home/pi/.pyenv/versions/3.11.13/lib/python3.11/site-packages/gunicorn/arbiter.py", line 608, in spawn_worker
    worker.init_process()
  File "/home/pi/.pyenv/versions/3.11.13/lib/python3.11/site-packages/uvicorn/workers.py", line 75, in init_process
    super().init_process()
  File "/home/pi/.pyenv/versions/3.11.13/lib/python3.11/site-packages/gunicorn/workers/base.py", line 135, in init_process
    self.load_wsgi()
  File "/home/pi/.pyenv/versions/3.11.13/lib/python3.11/site-packages/gunicorn/workers/base.py", line 147, in load_wsgi
    self.wsgi = self.app.wsgi()
                ^^^^^^^^^^^^^^^
  File "/home/pi/.pyenv/versions/3.11.13/lib/python3.11/site-packages/gunicorn/app/base.py", line 66, in wsgi
    self.callable = self.load()
                    ^^^^^^^^^^^
  File "/home/pi/.pyenv/versions/3.11.13/lib/python3.11/site-packages/gunicorn/app/wsgiapp.py", line 57, in load
    return self.load_wsgiapp()
           ^^^^^^^^^^^^^^^^^^^
  File "/home/pi/.pyenv/versions/3.11.13/lib/python3.11/site-packages/gunicorn/app/wsgiapp.py", line 47, in load_wsgiapp
    return util.import_app(self.app_uri)
           ^^^^^^^^^^^^^^^^^^^^^^^^^^^^^
  File "/home/pi/.pyenv/versions/3.11.13/lib/python3.11/site-packages/gunicorn/util.py", line 370, in import_app
    mod = importlib.import_module(module)
          ^^^^^^^^^^^^^^^^^^^^^^^^^^^^^^^
  File "/home/pi/.pyenv/versions/3.11.13/lib/python3.11/importlib/__init__.py", line 126, in import_module
    return _bootstrap._gcd_import(name[level:], package, level)
           ^^^^^^^^^^^^^^^^^^^^^^^^^^^^^^^^^^^^^^^^^^^^^^^^^^^^
  File "<frozen importlib._bootstrap>", line 1204, in _gcd_import
  File "<frozen importlib._bootstrap>", line 1176, in _find_and_load
  File "<frozen importlib._bootstrap>", line 1147, in _find_and_load_unlocked
  File "<frozen importlib._bootstrap>", line 690, in _load_unlocked
  File "<frozen importlib._bootstrap_external>", line 940, in exec_module
  File "<frozen importlib._bootstrap>", line 241, in _call_with_frames_removed
  File "/home/pi/API/main.py", line 33, in <module>
    from middleware import requests_control
  File "/home/pi/API/middleware.py", line 106, in <module>
    @app.middleware("http")
     ^^^
NameError: name 'app' is not defined
[2026-08-13 20:18:43 +0900] [24111] [INFO] Worker exiting (pid: 24111)
[2026-08-13 20:18:43 +0900] [24065] [ERROR] Worker (pid:24109) exited with code 3
[2026-08-13 20:18:43 +0900] [24065] [ERROR] Worker (pid:24111) was sent SIGTERM!
[2026-08-13 20:18:43 +0900] [24065] [ERROR] Shutting down: Master
[2026-08-13 20:18:43 +0900] [24065] [ERROR] Reason: Worker failed to boot.
[2026-08-13 20:18:44 +0900] [24119] [INFO] Starting gunicorn 23.0.0
[2026-08-13 20:18:44 +0900] [24119] [INFO] Listening at: http://0.0.0.0:9900 (24119)
[2026-08-13 20:18:44 +0900] [24119] [INFO] Using worker: uvicorn.workers.UvicornWorker
[2026-08-13 20:18:44 +0900] [24163] [INFO] Booting worker with pid: 24163
[2026-08-13 20:18:44 +0900] [24165] [INFO] Booting worker with pid: 24165
[2026-08-13 20:18:45 +0900] [24163] [ERROR] Exception in worker process
Traceback (most recent call last):
  File "/home/pi/.pyenv/versions/3.11.13/lib/python3.11/site-packages/gunicorn/arbiter.py", line 608, in spawn_worker
    worker.init_process()
  File "/home/pi/.pyenv/versions/3.11.13/lib/python3.11/site-packages/uvicorn/workers.py", line 75, in init_process
    super().init_process()
  File "/home/pi/.pyenv/versions/3.11.13/lib/python3.11/site-packages/gunicorn/workers/base.py", line 135, in init_process
    self.load_wsgi()
  File "/home/pi/.pyenv/versions/3.11.13/lib/python3.11/site-packages/gunicorn/workers/base.py", line 147, in load_wsgi
    self.wsgi = self.app.wsgi()
                ^^^^^^^^^^^^^^^
  File "/home/pi/.pyenv/versions/3.11.13/lib/python3.11/site-packages/gunicorn/app/base.py", line 66, in wsgi
    self.callable = self.load()
                    ^^^^^^^^^^^
  File "/home/pi/.pyenv/versions/3.11.13/lib/python3.11/site-packages/gunicorn/app/wsgiapp.py", line 57, in load
    return self.load_wsgiapp()
           ^^^^^^^^^^^^^^^^^^^
  File "/home/pi/.pyenv/versions/3.11.13/lib/python3.11/site-packages/gunicorn/app/wsgiapp.py", line 47, in load_wsgiapp
    return util.import_app(self.app_uri)
           ^^^^^^^^^^^^^^^^^^^^^^^^^^^^^
  File "/home/pi/.pyenv/versions/3.11.13/lib/python3.11/site-packages/gunicorn/util.py", line 370, in import_app
    mod = importlib.import_module(module)
          ^^^^^^^^^^^^^^^^^^^^^^^^^^^^^^^
  File "/home/pi/.pyenv/versions/3.11.13/lib/python3.11/importlib/__init__.py", line 126, in import_module
    return _bootstrap._gcd_import(name[level:], package, level)
           ^^^^^^^^^^^^^^^^^^^^^^^^^^^^^^^^^^^^^^^^^^^^^^^^^^^^
  File "<frozen importlib._bootstrap>", line 1204, in _gcd_import
  File "<frozen importlib._bootstrap>", line 1176, in _find_and_load
  File "<frozen importlib._bootstrap>", line 1147, in _find_and_load_unlocked
  File "<frozen importlib._bootstrap>", line 690, in _load_unlocked
  File "<frozen importlib._bootstrap_external>", line 940, in exec_module
  File "<frozen importlib._bootstrap>", line 241, in _call_with_frames_removed
  File "/home/pi/API/main.py", line 33, in <module>
    from middleware import requests_control
  File "/home/pi/API/middleware.py", line 106, in <module>
    @app.middleware("http")
     ^^^
NameError: name 'app' is not defined
[2026-08-13 20:18:45 +0900] [24163] [INFO] Worker exiting (pid: 24163)
[2026-08-13 20:18:45 +0900] [24165] [ERROR] Exception in worker process
Traceback (most recent call last):
  File "/home/pi/.pyenv/versions/3.11.13/lib/python3.11/site-packages/gunicorn/arbiter.py", line 608, in spawn_worker
    worker.init_process()
  File "/home/pi/.pyenv/versions/3.11.13/lib/python3.11/site-packages/uvicorn/workers.py", line 75, in init_process
    super().init_process()
  File "/home/pi/.pyenv/versions/3.11.13/lib/python3.11/site-packages/gunicorn/workers/base.py", line 135, in init_process
    self.load_wsgi()
  File "/home/pi/.pyenv/versions/3.11.13/lib/python3.11/site-packages/gunicorn/workers/base.py", line 147, in load_wsgi
    self.wsgi = self.app.wsgi()
                ^^^^^^^^^^^^^^^
  File "/home/pi/.pyenv/versions/3.11.13/lib/python3.11/site-packages/gunicorn/app/base.py", line 66, in wsgi
    self.callable = self.load()
                    ^^^^^^^^^^^
  File "/home/pi/.pyenv/versions/3.11.13/lib/python3.11/site-packages/gunicorn/app/wsgiapp.py", line 57, in load
    return self.load_wsgiapp()
           ^^^^^^^^^^^^^^^^^^^
  File "/home/pi/.pyenv/versions/3.11.13/lib/python3.11/site-packages/gunicorn/app/wsgiapp.py", line 47, in load_wsgiapp
    return util.import_app(self.app_uri)
           ^^^^^^^^^^^^^^^^^^^^^^^^^^^^^
  File "/home/pi/.pyenv/versions/3.11.13/lib/python3.11/site-packages/gunicorn/util.py", line 370, in import_app
    mod = importlib.import_module(module)
          ^^^^^^^^^^^^^^^^^^^^^^^^^^^^^^^
  File "/home/pi/.pyenv/versions/3.11.13/lib/python3.11/importlib/__init__.py", line 126, in import_module
    return _bootstrap._gcd_import(name[level:], package, level)
           ^^^^^^^^^^^^^^^^^^^^^^^^^^^^^^^^^^^^^^^^^^^^^^^^^^^^
  File "<frozen importlib._bootstrap>", line 1204, in _gcd_import
  File "<frozen importlib._bootstrap>", line 1176, in _find_and_load
  File "<frozen importlib._bootstrap>", line 1147, in _find_and_load_unlocked
  File "<frozen importlib._bootstrap>", line 690, in _load_unlocked
  File "<frozen importlib._bootstrap_external>", line 940, in exec_module
  File "<frozen importlib._bootstrap>", line 241, in _call_with_frames_removed
  File "/home/pi/API/main.py", line 33, in <module>
    from middleware import requests_control
  File "/home/pi/API/middleware.py", line 106, in <module>
    @app.middleware("http")
     ^^^
NameError: name 'app' is not defined
[2026-08-13 20:18:45 +0900] [24165] [INFO] Worker exiting (pid: 24165)
[2026-08-13 20:18:46 +0900] [24119] [ERROR] Worker (pid:24163) exited with code 3
[2026-08-13 20:18:46 +0900] [24119] [ERROR] Worker (pid:24165) was sent SIGTERM!
[2026-08-13 20:18:46 +0900] [24119] [ERROR] Shutting down: Master
[2026-08-13 20:18:46 +0900] [24119] [ERROR] Reason: Worker failed to boot.
[2026-08-13 20:18:46 +0900] [24174] [INFO] Starting gunicorn 23.0.0
[2026-08-13 20:18:46 +0900] [24174] [INFO] Listening at: http://0.0.0.0:9900 (24174)
[2026-08-13 20:18:46 +0900] [24174] [INFO] Using worker: uvicorn.workers.UvicornWorker
[2026-08-13 20:18:46 +0900] [24218] [INFO] Booting worker with pid: 24218
[2026-08-13 20:18:46 +0900] [24220] [INFO] Booting worker with pid: 24220
[2026-08-13 20:18:48 +0900] [24218] [INFO] Started server process [24218]
[2026-08-13 20:18:48 +0900] [24218] [INFO] Waiting for application startup.
[2026-08-13 20:18:48 +0900] [24218] [INFO] Application startup complete.
[2026-08-13 20:18:48 +0900] [24220] [INFO] Started server process [24220]
[2026-08-13 20:18:48 +0900] [24220] [INFO] Waiting for application startup.
[2026-08-13 20:18:48 +0900] [24220] [INFO] Application startup complete.
[2026-08-13 20:18:52 +0900] [24174] [INFO] Handling signal: term
[2026-08-13 20:18:52 +0900] [24218] [INFO] Shutting down
[2026-08-13 20:18:52 +0900] [24218] [INFO] Error while closing socket [Errno 9] Bad file descriptor
[2026-08-13 20:18:53 +0900] [24220] [INFO] Shutting down
[2026-08-13 20:18:53 +0900] [24220] [INFO] Error while closing socket [Errno 9] Bad file descriptor
[2026-08-13 20:18:53 +0900] [24218] [INFO] Waiting for application shutdown.
[2026-08-13 20:18:53 +0900] [24218] [INFO] Application shutdown complete.
[2026-08-13 20:18:53 +0900] [24218] [INFO] Finished server process [24218]
[2026-08-13 20:18:53 +0900] [24174] [ERROR] Worker (pid:24218) was sent SIGTERM!
[2026-08-13 20:18:53 +0900] [24220] [INFO] Waiting for application shutdown.
[2026-08-13 20:18:53 +0900] [24220] [INFO] Application shutdown complete.
[2026-08-13 20:18:53 +0900] [24220] [INFO] Finished server process [24220]
[2026-08-13 20:18:53 +0900] [24174] [ERROR] Worker (pid:24220) was sent SIGTERM!
[2026-08-13 20:18:53 +0900] [24174] [INFO] Shutting down: Master
[2026-08-13 20:18:53 +0900] [24284] [INFO] Starting gunicorn 23.0.0
[2026-08-13 20:18:53 +0900] [24284] [INFO] Listening at: http://0.0.0.0:9900 (24284)
[2026-08-13 20:18:53 +0900] [24284] [INFO] Using worker: uvicorn.workers.UvicornWorker
[2026-08-13 20:18:53 +0900] [24348] [INFO] Booting worker with pid: 24348
[2026-08-13 20:18:53 +0900] [24349] [INFO] Booting worker with pid: 24349
[2026-08-13 20:18:55 +0900] [24348] [INFO] Started server process [24348]
[2026-08-13 20:18:55 +0900] [24348] [INFO] Waiting for application startup.
[2026-08-13 20:18:55 +0900] [24348] [INFO] Application startup complete.
[2026-08-13 20:18:55 +0900] [24349] [INFO] Started server process [24349]
[2026-08-13 20:18:55 +0900] [24349] [INFO] Waiting for application startup.
[2026-08-13 20:18:55 +0900] [24349] [INFO] Application startup complete.
[2026-08-13 20:29:20 +0900] [24284] [INFO] Handling signal: term
[2026-08-13 20:29:20 +0900] [24349] [INFO] Shutting down
[2026-08-13 20:29:20 +0900] [24349] [INFO] Error while closing socket [Errno 9] Bad file descriptor
[2026-08-13 20:29:20 +0900] [24348] [INFO] Shutting down
[2026-08-13 20:29:20 +0900] [24348] [INFO] Error while closing socket [Errno 9] Bad file descriptor
[2026-08-13 20:29:20 +0900] [24349] [INFO] Waiting for application shutdown.
[2026-08-13 20:29:20 +0900] [24349] [INFO] Application shutdown complete.
[2026-08-13 20:29:20 +0900] [24349] [INFO] Finished server process [24349]
[2026-08-13 20:29:20 +0900] [24284] [ERROR] Worker (pid:24349) was sent SIGTERM!
[2026-08-13 20:29:20 +0900] [24348] [INFO] Waiting for application shutdown.
[2026-08-13 20:29:20 +0900] [24348] [INFO] Application shutdown complete.
[2026-08-13 20:29:20 +0900] [24348] [INFO] Finished server process [24348]
[2026-08-13 20:29:20 +0900] [24284] [ERROR] Worker (pid:24348) was sent SIGTERM!
[2026-08-13 20:29:20 +0900] [24284] [INFO] Shutting down: Master
[2026-08-13 20:29:21 +0900] [24456] [INFO] Starting gunicorn 23.0.0
[2026-08-13 20:29:21 +0900] [24456] [INFO] Listening at: http://0.0.0.0:9900 (24456)
[2026-08-13 20:29:21 +0900] [24456] [INFO] Using worker: uvicorn.workers.UvicornWorker
[2026-08-13 20:29:21 +0900] [24502] [INFO] Booting worker with pid: 24502
[2026-08-13 20:29:21 +0900] [24503] [INFO] Booting worker with pid: 24503
[2026-08-13 20:29:22 +0900] [24503] [INFO] Started server process [24503]
[2026-08-13 20:29:22 +0900] [24503] [INFO] Waiting for application startup.
[2026-08-13 20:29:22 +0900] [24503] [INFO] Application startup complete.
[2026-08-13 20:29:22 +0900] [24502] [INFO] Started server process [24502]
[2026-08-13 20:29:22 +0900] [24502] [INFO] Waiting for application startup.
[2026-08-13 20:29:22 +0900] [24502] [INFO] Application startup complete.
[2026-08-14 14:12:58 +0900] [24503] [WARNING] Invalid HTTP request received.
[2026-08-14 14:13:06 +0900] [24503] [WARNING] Invalid HTTP request received.
[2026-08-14 14:13:07 +0900] [24503] [WARNING] Invalid HTTP request received.
[2026-08-14 14:13:11 +0900] [24502] [WARNING] Invalid HTTP request received.
[2026-08-14 15:51:50 +0900] [24503] [WARNING] Invalid HTTP request received.
[2026-08-14 15:51:56 +0900] [24503] [WARNING] Invalid HTTP request received.
[2026-08-14 15:52:15 +0900] [24502] [WARNING] Invalid HTTP request received.
[2026-08-15 15:51:24 +0900] [24502] [WARNING] Invalid HTTP request received.
[2026-08-15 15:51:31 +0900] [24502] [WARNING] Invalid HTTP request received.
[2026-08-15 15:51:33 +0900] [24502] [WARNING] Invalid HTTP request received.
[2026-08-15 15:51:39 +0900] [24502] [WARNING] Invalid HTTP request received.
[2026-08-15 17:06:24 +0900] [24502] [WARNING] Invalid HTTP request received.
[2026-08-15 17:06:26 +0900] [24502] [WARNING] Invalid HTTP request received.
[2026-08-15 17:07:40 +0900] [24503] [WARNING] Invalid HTTP request received.
[2026-08-16 11:40:12 +0900] [24502] [WARNING] Invalid HTTP request received.
[2026-08-16 11:40:25 +0900] [24502] [WARNING] Invalid HTTP request received.
[2026-08-16 11:40:26 +0900] [24502] [WARNING] Invalid HTTP request received.
[2026-08-16 11:40:45 +0900] [24503] [WARNING] Invalid HTTP request received.
[2026-08-17 16:45:10 +0900] [24502] [WARNING] Invalid HTTP request received.
[2026-08-17 16:45:11 +0900] [24502] [WARNING] Invalid HTTP request received.
[2026-08-17 16:46:11 +0900] [24502] [WARNING] Invalid HTTP request received.
[2026-08-17 22:20:45 +0900] [24503] [WARNING] Invalid HTTP request received.
[2026-08-17 22:20:49 +0900] [24503] [WARNING] Invalid HTTP request received.
[2026-08-17 22:21:12 +0900] [24502] [WARNING] Invalid HTTP request received.
[2026-08-18 23:14:05 +0900] [24502] [WARNING] Invalid HTTP request received.
[2026-08-18 23:14:07 +0900] [24502] [WARNING] Invalid HTTP request received.
[2026-08-18 23:14:15 +0900] [24503] [WARNING] Invalid HTTP request received.
[2026-08-19 06:33:01 +0900] [24502] [WARNING] Invalid HTTP request received.
[2026-08-19 06:33:10 +0900] [24503] [WARNING] Invalid HTTP request received.
[2026-08-19 06:33:27 +0900] [24502] [WARNING] Invalid HTTP request received.
[2026-08-20 06:46:40 +0900] [24502] [WARNING] Invalid HTTP request received.
[2026-08-20 06:46:47 +0900] [24502] [WARNING] Invalid HTTP request received.
[2026-08-20 06:47:41 +0900] [24502] [WARNING] Invalid HTTP request received.
[2026-08-21 07:56:58 +0900] [24502] [WARNING] Invalid HTTP request received.
[2026-08-21 07:56:59 +0900] [24502] [WARNING] Invalid HTTP request received.
[2026-08-21 07:57:03 +0900] [24502] [WARNING] Invalid HTTP request received.
[2026-08-21 17:33:55 +0900] [24502] [WARNING] Invalid HTTP request received.
[2026-08-21 17:34:03 +0900] [24503] [WARNING] Invalid HTTP request received.
[2026-08-21 17:34:05 +0900] [24503] [WARNING] Invalid HTTP request received.
[2026-08-21 17:34:17 +0900] [24503] [WARNING] Invalid HTTP request received.
[2026-08-22 17:58:21 +0900] [24502] [WARNING] Invalid HTTP request received.
[2026-08-22 17:58:27 +0900] [24502] [WARNING] Invalid HTTP request received.
[2026-08-22 17:59:01 +0900] [24503] [WARNING] Invalid HTTP request received.
[2026-08-22 21:19:34 +0900] [24502] [WARNING] Invalid HTTP request received.
[2026-08-22 21:19:41 +0900] [24503] [WARNING] Invalid HTTP request received.
[2026-08-22 21:19:42 +0900] [24502] [WARNING] Invalid HTTP request received.
[2026-08-22 21:19:48 +0900] [24502] [WARNING] Invalid HTTP request received.
[2026-08-23 22:00:38 +0900] [24503] [WARNING] Invalid HTTP request received.
[2026-08-23 22:00:45 +0900] [24503] [WARNING] Invalid HTTP request received.
[2026-08-23 22:02:47 +0900] [24503] [WARNING] Invalid HTTP request received.
[2026-08-24 23:04:22 +0900] [24502] [WARNING] Invalid HTTP request received.
[2026-08-24 23:04:26 +0900] [24502] [WARNING] Invalid HTTP request received.
[2026-08-24 23:05:19 +0900] [24503] [WARNING] Invalid HTTP request received.
[2026-08-25 04:48:29 +0900] [24503] [WARNING] Invalid HTTP request received.
[2026-08-25 04:48:35 +0900] [24503] [WARNING] Invalid HTTP request received.
[2026-08-25 04:48:36 +0900] [24503] [WARNING] Invalid HTTP request received.
[2026-08-25 04:48:40 +0900] [24503] [WARNING] Invalid HTTP request received.
[2026-08-26 08:02:16 +0900] [24503] [WARNING] Invalid HTTP request received.
[2026-08-26 08:02:16 +0900] [24503] [WARNING] Invalid HTTP request received.
[2026-08-26 08:02:20 +0900] [24503] [WARNING] Invalid HTTP request received.
[2026-08-27 06:28:50 +0900] [24456] [INFO] Handling signal: term
[2026-08-27 06:28:50 +0900] [24503] [INFO] Shutting down
[2026-08-27 06:28:50 +0900] [24503] [INFO] Error while closing socket [Errno 9] Bad file descriptor
[2026-08-27 06:28:50 +0900] [24502] [INFO] Shutting down
[2026-08-27 06:28:50 +0900] [24502] [INFO] Error while closing socket [Errno 9] Bad file descriptor
[2026-08-27 06:28:50 +0900] [24503] [INFO] Waiting for application shutdown.
[2026-08-27 06:28:50 +0900] [24503] [INFO] Application shutdown complete.
[2026-08-27 06:28:50 +0900] [24503] [INFO] Finished server process [24503]
[2026-08-27 06:28:50 +0900] [24502] [INFO] Waiting for application shutdown.
[2026-08-27 06:28:50 +0900] [24456] [ERROR] Worker (pid:24503) was sent SIGTERM!
[2026-08-27 06:28:50 +0900] [24502] [INFO] Application shutdown complete.
[2026-08-27 06:28:50 +0900] [24502] [INFO] Finished server process [24502]
[2026-08-27 06:28:50 +0900] [24456] [ERROR] Worker (pid:24502) was sent SIGTERM!
[2026-08-27 06:28:50 +0900] [24456] [INFO] Shutting down: Master
[2026-08-27 06:28:51 +0900] [49778] [INFO] Starting gunicorn 23.0.0
[2026-08-27 06:28:51 +0900] [49778] [INFO] Listening at: http://0.0.0.0:9900 (49778)
[2026-08-27 06:28:51 +0900] [49778] [INFO] Using worker: uvicorn.workers.UvicornWorker
[2026-08-27 06:28:51 +0900] [49845] [INFO] Booting worker with pid: 49845
[2026-08-27 06:28:51 +0900] [49847] [INFO] Booting worker with pid: 49847
[2026-08-27 06:28:52 +0900] [49845] [INFO] Started server process [49845]
[2026-08-27 06:28:52 +0900] [49845] [INFO] Waiting for application startup.
[2026-08-27 06:28:52 +0900] [49845] [INFO] Application startup complete.
[2026-08-27 06:28:53 +0900] [49847] [INFO] Started server process [49847]
[2026-08-27 06:28:53 +0900] [49847] [INFO] Waiting for application startup.
[2026-08-27 06:28:53 +0900] [49847] [INFO] Application startup complete.
[2026-08-27 08:55:00 +0900] [49847] [WARNING] Invalid HTTP request received.
[2026-08-27 08:55:02 +0900] [49847] [WARNING] Invalid HTTP request received.
[2026-08-27 08:55:11 +0900] [49847] [WARNING] Invalid HTTP request received.
[2026-08-27 09:04:25 +0900] [49845] [WARNING] Invalid HTTP request received.
[2026-08-27 09:04:34 +0900] [49847] [WARNING] Invalid HTTP request received.
[2026-08-27 09:04:36 +0900] [49847] [WARNING] Invalid HTTP request received.
[2026-08-27 09:04:41 +0900] [49847] [WARNING] Invalid HTTP request received.
Could not determine dtype for column 3, falling back to string
Could not determine dtype for column 6, falling back to string
Could not determine dtype for column 16, falling back to string
Could not determine dtype for column 7, falling back to string
Could not determine dtype for column 16, falling back to string
Could not determine dtype for column 7, falling back to string
[2026-08-28 06:03:45 +0900] [49847] [WARNING] Invalid HTTP request received.
[2026-08-28 06:03:45 +0900] [49845] [WARNING] Invalid HTTP request received.
[2026-08-28 06:03:45 +0900] [49847] [WARNING] Invalid HTTP request received.
[2026-08-28 06:03:45 +0900] [49845] [WARNING] Invalid HTTP request received.
[2026-08-28 06:03:45 +0900] [49847] [WARNING] Invalid HTTP request received.
[2026-08-28 06:03:45 +0900] [49845] [WARNING] Invalid HTTP request received.
[2026-08-28 06:03:45 +0900] [49847] [WARNING] Invalid HTTP request received.
[2026-08-28 06:03:45 +0900] [49845] [WARNING] Invalid HTTP request received.
[2026-08-28 06:03:45 +0900] [49847] [WARNING] Invalid HTTP request received.
[2026-08-28 06:03:45 +0900] [49845] [WARNING] Invalid HTTP request received.
[2026-08-28 06:03:45 +0900] [49847] [WARNING] Invalid HTTP request received.
[2026-08-28 06:03:45 +0900] [49845] [WARNING] Invalid HTTP request received.
[2026-08-28 07:21:32 +0900] [49847] [WARNING] Invalid HTTP request received.
[2026-08-28 08:24:09 +0900] [49847] [WARNING] Invalid HTTP request received.
[2026-08-28 08:24:09 +0900] [49845] [WARNING] Invalid HTTP request received.
[2026-08-28 08:24:09 +0900] [49847] [WARNING] Invalid HTTP request received.
[2026-08-28 08:24:09 +0900] [49845] [WARNING] Invalid HTTP request received.
[2026-08-28 08:24:09 +0900] [49845] [WARNING] Invalid HTTP request received.
[2026-08-28 08:24:09 +0900] [49845] [WARNING] Invalid HTTP request received.
[2026-08-28 08:24:09 +0900] [49845] [WARNING] Invalid HTTP request received.
[2026-08-28 08:24:09 +0900] [49845] [WARNING] Invalid HTTP request received.
[2026-08-28 08:24:09 +0900] [49845] [WARNING] Invalid HTTP request received.
[2026-08-28 08:24:09 +0900] [49847] [WARNING] Invalid HTTP request received.
[2026-08-28 08:24:09 +0900] [49845] [WARNING] Invalid HTTP request received.
[2026-08-28 08:24:09 +0900] [49847] [WARNING] Invalid HTTP request received.
[2026-08-28 09:58:11 +0900] [49847] [WARNING] Invalid HTTP request received.
[2026-08-28 09:58:21 +0900] [49845] [WARNING] Invalid HTTP request received.
[2026-08-28 09:59:29 +0900] [49847] [WARNING] Invalid HTTP request received.
[2026-08-28 11:25:26 +0900] [49847] [WARNING] Invalid HTTP request received.
Could not determine dtype for column 16, falling back to string
Could not determine dtype for column 7, falling back to string
Could not determine dtype for column 16, falling back to string
Could not determine dtype for column 7, falling back to string
Could not determine dtype for column 16, falling back to string
Could not determine dtype for column 7, falling back to string
[2026-08-29 11:12:58 +0900] [49845] [WARNING] Invalid HTTP request received.
[2026-08-29 11:13:00 +0900] [49845] [WARNING] Invalid HTTP request received.
[2026-08-29 11:13:13 +0900] [49847] [WARNING] Invalid HTTP request received.
[2026-08-29 19:56:45 +0900] [49847] [WARNING] Invalid HTTP request received.
[2026-08-29 19:56:50 +0900] [49845] [WARNING] Invalid HTTP request received.
[2026-08-29 19:57:10 +0900] [49847] [WARNING] Invalid HTTP request received.
[2026-08-30 07:34:39 +0900] [49778] [INFO] Handling signal: term
[2026-08-30 07:34:39 +0900] [49847] [INFO] Shutting down
[2026-08-30 07:34:39 +0900] [49847] [INFO] Error while closing socket [Errno 9] Bad file descriptor
[2026-08-30 07:34:39 +0900] [49845] [INFO] Shutting down
[2026-08-30 07:34:39 +0900] [49845] [INFO] Error while closing socket [Errno 9] Bad file descriptor
[2026-08-30 07:34:39 +0900] [49847] [INFO] Waiting for application shutdown.
[2026-08-30 07:34:39 +0900] [49847] [INFO] Application shutdown complete.
[2026-08-30 07:34:39 +0900] [49847] [INFO] Finished server process [49847]
[2026-08-30 07:34:39 +0900] [49778] [ERROR] Worker (pid:49847) was sent SIGTERM!
[2026-08-30 07:34:39 +0900] [49845] [INFO] Waiting for application shutdown.
[2026-08-30 07:34:39 +0900] [49845] [INFO] Application shutdown complete.
[2026-08-30 07:34:39 +0900] [49845] [INFO] Finished server process [49845]
[2026-08-30 07:34:39 +0900] [49778] [ERROR] Worker (pid:49845) was sent SIGTERM!
[2026-08-30 07:34:39 +0900] [49778] [INFO] Shutting down: Master
[2026-08-30 07:34:40 +0900] [55905] [INFO] Starting gunicorn 23.0.0
[2026-08-30 07:34:40 +0900] [55905] [INFO] Listening at: http://0.0.0.0:9900 (55905)
[2026-08-30 07:34:40 +0900] [55905] [INFO] Using worker: uvicorn.workers.UvicornWorker
[2026-08-30 07:34:40 +0900] [55953] [INFO] Booting worker with pid: 55953
[2026-08-30 07:34:40 +0900] [55957] [INFO] Booting worker with pid: 55957
[2026-08-30 07:34:42 +0900] [55953] [INFO] Started server process [55953]
[2026-08-30 07:34:42 +0900] [55953] [INFO] Waiting for application startup.
[2026-08-30 07:34:42 +0900] [55953] [INFO] Application startup complete.
[2026-08-30 07:34:42 +0900] [55957] [INFO] Started server process [55957]
[2026-08-30 07:34:42 +0900] [55957] [INFO] Waiting for application startup.
[2026-08-30 07:34:42 +0900] [55957] [INFO] Application startup complete.
[2026-08-30 07:39:09 +0900] [55905] [INFO] Handling signal: term
[2026-08-30 07:39:09 +0900] [55957] [INFO] Shutting down
[2026-08-30 07:39:09 +0900] [55957] [INFO] Error while closing socket [Errno 9] Bad file descriptor
[2026-08-30 07:39:09 +0900] [55953] [INFO] Shutting down
[2026-08-30 07:39:09 +0900] [55953] [INFO] Error while closing socket [Errno 9] Bad file descriptor
[2026-08-30 07:39:09 +0900] [55957] [INFO] Waiting for application shutdown.
[2026-08-30 07:39:09 +0900] [55957] [INFO] Application shutdown complete.
[2026-08-30 07:39:09 +0900] [55957] [INFO] Finished server process [55957]
[2026-08-30 07:39:09 +0900] [55905] [ERROR] Worker (pid:55957) was sent SIGTERM!
[2026-08-30 07:39:09 +0900] [55953] [INFO] Waiting for application shutdown.
[2026-08-30 07:39:09 +0900] [55953] [INFO] Application shutdown complete.
[2026-08-30 07:39:09 +0900] [55953] [INFO] Finished server process [55953]
[2026-08-30 07:39:09 +0900] [55905] [ERROR] Worker (pid:55953) was sent SIGTERM!
[2026-08-30 07:39:09 +0900] [55905] [INFO] Shutting down: Master
[2026-08-30 07:39:09 +0900] [56108] [INFO] Starting gunicorn 23.0.0
[2026-08-30 07:39:09 +0900] [56108] [INFO] Listening at: http://0.0.0.0:9900 (56108)
[2026-08-30 07:39:09 +0900] [56108] [INFO] Using worker: uvicorn.workers.UvicornWorker
[2026-08-30 07:39:09 +0900] [56154] [INFO] Booting worker with pid: 56154
[2026-08-30 07:39:09 +0900] [56156] [INFO] Booting worker with pid: 56156
[2026-08-30 07:39:11 +0900] [56154] [INFO] Started server process [56154]
[2026-08-30 07:39:11 +0900] [56154] [INFO] Waiting for application startup.
[2026-08-30 07:39:11 +0900] [56154] [INFO] Application startup complete.
[2026-08-30 07:39:11 +0900] [56156] [INFO] Started server process [56156]
[2026-08-30 07:39:11 +0900] [56156] [INFO] Waiting for application startup.
[2026-08-30 07:39:11 +0900] [56156] [INFO] Application startup complete.
[2026-08-30 07:42:48 +0900] [56108] [INFO] Handling signal: term
[2026-08-30 07:42:48 +0900] [56156] [INFO] Shutting down
[2026-08-30 07:42:48 +0900] [56156] [INFO] Error while closing socket [Errno 9] Bad file descriptor
[2026-08-30 07:42:48 +0900] [56154] [INFO] Shutting down
[2026-08-30 07:42:48 +0900] [56154] [INFO] Error while closing socket [Errno 9] Bad file descriptor
[2026-08-30 07:42:48 +0900] [56156] [INFO] Waiting for application shutdown.
[2026-08-30 07:42:48 +0900] [56156] [INFO] Application shutdown complete.
[2026-08-30 07:42:48 +0900] [56156] [INFO] Finished server process [56156]
[2026-08-30 07:42:48 +0900] [56108] [ERROR] Worker (pid:56156) was sent SIGTERM!
[2026-08-30 07:42:48 +0900] [56154] [INFO] Waiting for application shutdown.
[2026-08-30 07:42:48 +0900] [56154] [INFO] Application shutdown complete.
[2026-08-30 07:42:48 +0900] [56154] [INFO] Finished server process [56154]
[2026-08-30 07:42:48 +0900] [56108] [ERROR] Worker (pid:56154) was sent SIGTERM!
[2026-08-30 07:42:48 +0900] [56108] [INFO] Shutting down: Master
[2026-08-30 07:42:49 +0900] [56305] [INFO] Starting gunicorn 23.0.0
[2026-08-30 07:42:49 +0900] [56305] [INFO] Listening at: http://0.0.0.0:9900 (56305)
[2026-08-30 07:42:49 +0900] [56305] [INFO] Using worker: uvicorn.workers.UvicornWorker
[2026-08-30 07:42:49 +0900] [56351] [INFO] Booting worker with pid: 56351
[2026-08-30 07:42:49 +0900] [56353] [INFO] Booting worker with pid: 56353
[2026-08-30 07:42:50 +0900] [56351] [INFO] Started server process [56351]
[2026-08-30 07:42:50 +0900] [56351] [INFO] Waiting for application startup.
[2026-08-30 07:42:50 +0900] [56351] [INFO] Application startup complete.
[2026-08-30 07:42:50 +0900] [56353] [INFO] Started server process [56353]
[2026-08-30 07:42:50 +0900] [56353] [INFO] Waiting for application startup.
[2026-08-30 07:42:50 +0900] [56353] [INFO] Application startup complete.
[2026-08-30 07:44:17 +0900] [56305] [INFO] Handling signal: term
[2026-08-30 07:44:17 +0900] [56351] [INFO] Shutting down
[2026-08-30 07:44:17 +0900] [56351] [INFO] Error while closing socket [Errno 9] Bad file descriptor
[2026-08-30 07:44:17 +0900] [56353] [INFO] Shutting down
[2026-08-30 07:44:17 +0900] [56353] [INFO] Error while closing socket [Errno 9] Bad file descriptor
[2026-08-30 07:44:17 +0900] [56351] [INFO] Waiting for application shutdown.
[2026-08-30 07:44:17 +0900] [56351] [INFO] Application shutdown complete.
[2026-08-30 07:44:17 +0900] [56351] [INFO] Finished server process [56351]
[2026-08-30 07:44:17 +0900] [56305] [ERROR] Worker (pid:56351) was sent SIGTERM!
[2026-08-30 07:44:17 +0900] [56353] [INFO] Waiting for application shutdown.
[2026-08-30 07:44:17 +0900] [56353] [INFO] Application shutdown complete.
[2026-08-30 07:44:17 +0900] [56353] [INFO] Finished server process [56353]
[2026-08-30 07:44:17 +0900] [56305] [ERROR] Worker (pid:56353) was sent SIGTERM!
[2026-08-30 07:44:17 +0900] [56305] [INFO] Shutting down: Master
[2026-08-30 07:44:18 +0900] [56506] [INFO] Starting gunicorn 23.0.0
[2026-08-30 07:44:18 +0900] [56506] [INFO] Listening at: http://0.0.0.0:9900 (56506)
[2026-08-30 07:44:18 +0900] [56506] [INFO] Using worker: uvicorn.workers.UvicornWorker
[2026-08-30 07:44:18 +0900] [56552] [INFO] Booting worker with pid: 56552
[2026-08-30 07:44:18 +0900] [56554] [INFO] Booting worker with pid: 56554
[2026-08-30 07:44:19 +0900] [56552] [INFO] Started server process [56552]
[2026-08-30 07:44:19 +0900] [56552] [INFO] Waiting for application startup.
[2026-08-30 07:44:19 +0900] [56552] [INFO] Application startup complete.
[2026-08-30 07:44:20 +0900] [56554] [INFO] Started server process [56554]
[2026-08-30 07:44:20 +0900] [56554] [INFO] Waiting for application startup.
[2026-08-30 07:44:20 +0900] [56554] [INFO] Application startup complete.
[2026-08-30 07:48:07 +0900] [56506] [INFO] Handling signal: term
[2026-08-30 07:48:07 +0900] [56552] [INFO] Shutting down
[2026-08-30 07:48:07 +0900] [56552] [INFO] Error while closing socket [Errno 9] Bad file descriptor
[2026-08-30 07:48:07 +0900] [56554] [INFO] Shutting down
[2026-08-30 07:48:07 +0900] [56554] [INFO] Error while closing socket [Errno 9] Bad file descriptor
[2026-08-30 07:48:07 +0900] [56552] [INFO] Waiting for application shutdown.
[2026-08-30 07:48:07 +0900] [56552] [INFO] Application shutdown complete.
[2026-08-30 07:48:07 +0900] [56552] [INFO] Finished server process [56552]
[2026-08-30 07:48:07 +0900] [56506] [ERROR] Worker (pid:56552) was sent SIGTERM!
[2026-08-30 07:48:07 +0900] [56554] [INFO] Waiting for application shutdown.
[2026-08-30 07:48:07 +0900] [56554] [INFO] Application shutdown complete.
[2026-08-30 07:48:07 +0900] [56554] [INFO] Finished server process [56554]
[2026-08-30 07:48:07 +0900] [56506] [ERROR] Worker (pid:56554) was sent SIGTERM!
[2026-08-30 07:48:07 +0900] [56506] [INFO] Shutting down: Master
[2026-08-30 07:48:08 +0900] [56760] [INFO] Starting gunicorn 23.0.0
[2026-08-30 07:48:08 +0900] [56760] [INFO] Listening at: http://0.0.0.0:9900 (56760)
[2026-08-30 07:48:08 +0900] [56760] [INFO] Using worker: uvicorn.workers.UvicornWorker
[2026-08-30 07:48:08 +0900] [56806] [INFO] Booting worker with pid: 56806
[2026-08-30 07:48:08 +0900] [56808] [INFO] Booting worker with pid: 56808
[2026-08-30 07:48:09 +0900] [56806] [INFO] Started server process [56806]
[2026-08-30 07:48:09 +0900] [56806] [INFO] Waiting for application startup.
[2026-08-30 07:48:09 +0900] [56806] [INFO] Application startup complete.
[2026-08-30 07:48:09 +0900] [56808] [INFO] Started server process [56808]
[2026-08-30 07:48:09 +0900] [56808] [INFO] Waiting for application startup.
[2026-08-30 07:48:09 +0900] [56808] [INFO] Application startup complete.
Could not determine dtype for column 3, falling back to string
Could not determine dtype for column 6, falling back to string
[2026-08-30 08:14:18 +0900] [56760] [INFO] Handling signal: term
[2026-08-30 08:14:18 +0900] [56806] [INFO] Shutting down
[2026-08-30 08:14:18 +0900] [56806] [INFO] Error while closing socket [Errno 9] Bad file descriptor
[2026-08-30 08:14:18 +0900] [56808] [INFO] Shutting down
[2026-08-30 08:14:18 +0900] [56808] [INFO] Error while closing socket [Errno 9] Bad file descriptor
[2026-08-30 08:14:19 +0900] [56806] [INFO] Waiting for application shutdown.
[2026-08-30 08:14:19 +0900] [56806] [INFO] Application shutdown complete.
[2026-08-30 08:14:19 +0900] [56806] [INFO] Finished server process [56806]
[2026-08-30 08:14:19 +0900] [56760] [ERROR] Worker (pid:56806) was sent SIGTERM!
[2026-08-30 08:14:19 +0900] [56808] [INFO] Waiting for application shutdown.
[2026-08-30 08:14:19 +0900] [56808] [INFO] Application shutdown complete.
[2026-08-30 08:14:19 +0900] [56808] [INFO] Finished server process [56808]
[2026-08-30 08:14:19 +0900] [56760] [ERROR] Worker (pid:56808) was sent SIGTERM!
[2026-08-30 08:14:19 +0900] [56760] [INFO] Shutting down: Master
[2026-08-30 08:14:19 +0900] [57046] [INFO] Starting gunicorn 23.0.0
[2026-08-30 08:14:19 +0900] [57046] [INFO] Listening at: http://0.0.0.0:9900 (57046)
[2026-08-30 08:14:19 +0900] [57046] [INFO] Using worker: uvicorn.workers.UvicornWorker
[2026-08-30 08:14:19 +0900] [57092] [INFO] Booting worker with pid: 57092
[2026-08-30 08:14:19 +0900] [57094] [INFO] Booting worker with pid: 57094
[2026-08-30 08:14:21 +0900] [57092] [INFO] Started server process [57092]
[2026-08-30 08:14:21 +0900] [57092] [INFO] Waiting for application startup.
[2026-08-30 08:14:21 +0900] [57092] [INFO] Application startup complete.
[2026-08-30 08:14:21 +0900] [57094] [INFO] Started server process [57094]
[2026-08-30 08:14:21 +0900] [57094] [INFO] Waiting for application startup.
[2026-08-30 08:14:21 +0900] [57094] [INFO] Application startup complete.
[2026-08-30 14:49:28 +0900] [57094] [WARNING] Invalid HTTP request received.
[2026-08-30 18:41:43 +0900] [57094] [WARNING] Invalid HTTP request received.
[2026-08-30 18:41:44 +0900] [57094] [WARNING] Invalid HTTP request received.
[2026-08-30 20:17:13 +0900] [57094] [WARNING] Invalid HTTP request received.
[2026-08-30 20:51:05 +0900] [57094] [WARNING] Invalid HTTP request received.
[2026-08-30 20:51:07 +0900] [57094] [WARNING] Invalid HTTP request received.
[2026-08-30 20:52:15 +0900] [57094] [WARNING] Invalid HTTP request received.
[2026-08-30 21:47:44 +0900] [57092] [WARNING] Invalid HTTP request received.
[2026-08-31 01:28:50 +0900] [57094] [WARNING] Invalid HTTP request received.
[2026-08-31 01:28:57 +0900] [57094] [WARNING] Invalid HTTP request received.
[2026-08-31 01:28:58 +0900] [57094] [WARNING] Invalid HTTP request received.
[2026-08-31 01:29:02 +0900] [57094] [WARNING] Invalid HTTP request received.
Could not determine dtype for column 2, falling back to string
Could not determine dtype for column 3, falling back to string
Could not determine dtype for column 22, falling back to string
Could not determine dtype for column 24, falling back to string
Could not determine dtype for column 26, falling back to string
Could not determine dtype for column 35, falling back to string
Could not determine dtype for column 36, falling back to string
Could not determine dtype for column 55, falling back to string
Could not determine dtype for column 57, falling back to string
Could not determine dtype for column 59, falling back to string
Could not determine dtype for column 2, falling back to string
Could not determine dtype for column 3, falling back to string
Could not determine dtype for column 22, falling back to string
Could not determine dtype for column 24, falling back to string
Could not determine dtype for column 26, falling back to string
Could not determine dtype for column 35, falling back to string
Could not determine dtype for column 36, falling back to string
Could not determine dtype for column 55, falling back to string
Could not determine dtype for column 57, falling back to string
Could not determine dtype for column 59, falling back to string
Could not determine dtype for column 2, falling back to string
Could not determine dtype for column 3, falling back to string
Could not determine dtype for column 22, falling back to string
Could not determine dtype for column 24, falling back to string
Could not determine dtype for column 26, falling back to string
Could not determine dtype for column 35, falling back to string
Could not determine dtype for column 36, falling back to string
Could not determine dtype for column 55, falling back to string
Could not determine dtype for column 57, falling back to string
Could not determine dtype for column 59, falling back to string
Could not determine dtype for column 7, falling back to string
Could not determine dtype for column 8, falling back to string
Could not determine dtype for column 9, falling back to string
Could not determine dtype for column 10, falling back to string
Could not determine dtype for column 7, falling back to string
Could not determine dtype for column 8, falling back to string
Could not determine dtype for column 9, falling back to string
Could not determine dtype for column 10, falling back to string
Could not determine dtype for column 7, falling back to string
Could not determine dtype for column 8, falling back to string
Could not determine dtype for column 9, falling back to string
Could not determine dtype for column 10, falling back to string
[2026-09-01 01:47:26 +0900] [57094] [WARNING] Invalid HTTP request received.
[2026-09-01 01:47:28 +0900] [57094] [WARNING] Invalid HTTP request received.
[2026-09-01 01:47:39 +0900] [57092] [WARNING] Invalid HTTP request received.
[2026-09-02 03:26:42 +0900] [57094] [WARNING] Invalid HTTP request received.
[2026-09-02 03:26:54 +0900] [57094] [WARNING] Invalid HTTP request received.
[2026-09-02 03:28:15 +0900] [57094] [WARNING] Invalid HTTP request received.
[2026-09-03 03:49:41 +0900] [57094] [WARNING] Invalid HTTP request received.
[2026-09-03 03:49:43 +0900] [57094] [WARNING] Invalid HTTP request received.
[2026-09-03 03:50:07 +0900] [57094] [WARNING] Invalid HTTP request received.
[2026-09-03 12:27:05 +0900] [57094] [WARNING] Invalid HTTP request received.
[2026-09-03 12:27:12 +0900] [57092] [WARNING] Invalid HTTP request received.
[2026-09-03 12:27:49 +0900] [57094] [WARNING] Invalid HTTP request received.
[2026-09-03 21:14:51 +0900] [57046] [INFO] Handling signal: term
[2026-09-03 21:14:51 +0900] [57092] [INFO] Shutting down
[2026-09-03 21:14:51 +0900] [57092] [INFO] Error while closing socket [Errno 9] Bad file descriptor
[2026-09-03 21:14:51 +0900] [57094] [INFO] Shutting down
[2026-09-03 21:14:51 +0900] [57094] [INFO] Error while closing socket [Errno 9] Bad file descriptor
[2026-09-03 21:14:51 +0900] [57092] [INFO] Waiting for application shutdown.
[2026-09-03 21:14:51 +0900] [57092] [INFO] Application shutdown complete.
[2026-09-03 21:14:51 +0900] [57092] [INFO] Finished server process [57092]
[2026-09-03 21:14:51 +0900] [57094] [INFO] Waiting for application shutdown.
[2026-09-03 21:14:51 +0900] [57046] [ERROR] Worker (pid:57092) was sent SIGTERM!
[2026-09-03 21:14:51 +0900] [57094] [INFO] Application shutdown complete.
[2026-09-03 21:14:51 +0900] [57094] [INFO] Finished server process [57094]
[2026-09-03 21:14:51 +0900] [57046] [ERROR] Worker (pid:57094) was sent SIGTERM!
[2026-09-03 21:14:51 +0900] [57046] [INFO] Shutting down: Master
[2026-09-03 21:14:51 +0900] [65803] [INFO] Starting gunicorn 23.0.0
[2026-09-03 21:14:51 +0900] [65803] [INFO] Listening at: http://0.0.0.0:9900 (65803)
[2026-09-03 21:14:51 +0900] [65803] [INFO] Using worker: uvicorn.workers.UvicornWorker
[2026-09-03 21:14:51 +0900] [65849] [INFO] Booting worker with pid: 65849
[2026-09-03 21:14:51 +0900] [65850] [INFO] Booting worker with pid: 65850
[2026-09-03 21:14:53 +0900] [65850] [INFO] Started server process [65850]
[2026-09-03 21:14:53 +0900] [65850] [INFO] Waiting for application startup.
[2026-09-03 21:14:53 +0900] [65850] [INFO] Application startup complete.
[2026-09-03 21:14:53 +0900] [65849] [INFO] Started server process [65849]
[2026-09-03 21:14:53 +0900] [65849] [INFO] Waiting for application startup.
[2026-09-03 21:14:53 +0900] [65849] [INFO] Application startup complete.
[2026-09-04 12:57:17 +0900] [65849] [WARNING] Invalid HTTP request received.
[2026-09-04 12:57:29 +0900] [65850] [WARNING] Invalid HTTP request received.
[2026-09-04 13:04:42 +0900] [65849] [WARNING] Invalid HTTP request received.
[2026-09-04 16:34:56 +0900] [65849] [WARNING] Invalid HTTP request received.
[2026-09-04 16:35:04 +0900] [65849] [WARNING] Invalid HTTP request received.
[2026-09-04 16:36:30 +0900] [65850] [WARNING] Invalid HTTP request received.
[2026-09-05 04:35:23 +0900] [65849] [WARNING] Invalid HTTP request received.
[2026-09-05 04:35:24 +0900] [65850] [WARNING] Invalid HTTP request received.
Could not determine dtype for column 16, falling back to string
Could not determine dtype for column 7, falling back to string
Could not determine dtype for column 16, falling back to string
Could not determine dtype for column 7, falling back to string
[2026-09-05 14:26:03 +0900] [65849] [WARNING] Invalid HTTP request received.
[2026-09-05 17:36:35 +0900] [65850] [WARNING] Invalid HTTP request received.
[2026-09-05 18:31:31 +0900] [65850] [WARNING] Invalid HTTP request received.
[2026-09-05 19:15:03 +0900] [65849] [WARNING] Invalid HTTP request received.
[2026-09-05 19:15:11 +0900] [65849] [WARNING] Invalid HTTP request received.
[2026-09-05 19:16:01 +0900] [65849] [WARNING] Invalid HTTP request received.
[2026-09-05 19:18:14 +0900] [65850] [WARNING] Invalid HTTP request received.
[2026-09-05 19:25:45 +0900] [65850] [WARNING] Invalid HTTP request received.
[2026-09-05 19:25:45 +0900] [65849] [WARNING] Invalid HTTP request received.
[2026-09-05 19:25:45 +0900] [65850] [WARNING] Invalid HTTP request received.
[2026-09-05 19:25:45 +0900] [65850] [WARNING] Invalid HTTP request received.
[2026-09-05 19:25:45 +0900] [65850] [WARNING] Invalid HTTP request received.
[2026-09-05 19:25:45 +0900] [65850] [WARNING] Invalid HTTP request received.
[2026-09-05 19:25:45 +0900] [65850] [WARNING] Invalid HTTP request received.
[2026-09-05 19:25:45 +0900] [65850] [WARNING] Invalid HTTP request received.
[2026-09-05 19:25:45 +0900] [65849] [WARNING] Invalid HTTP request received.
[2026-09-05 19:25:45 +0900] [65850] [WARNING] Invalid HTTP request received.
[2026-09-05 19:25:45 +0900] [65850] [WARNING] Invalid HTTP request received.
[2026-09-05 19:25:45 +0900] [65850] [WARNING] Invalid HTTP request received.
[2026-09-05 20:54:45 +0900] [65850] [WARNING] Invalid HTTP request received.
[2026-09-05 22:02:22 +0900] [65850] [WARNING] Invalid HTTP request received.
[2026-09-05 22:02:22 +0900] [65849] [WARNING] Invalid HTTP request received.
[2026-09-05 22:02:22 +0900] [65850] [WARNING] Invalid HTTP request received.
[2026-09-05 22:02:22 +0900] [65850] [WARNING] Invalid HTTP request received.
[2026-09-05 22:02:23 +0900] [65849] [WARNING] Invalid HTTP request received.
[2026-09-05 22:02:23 +0900] [65850] [WARNING] Invalid HTTP request received.
[2026-09-05 22:02:23 +0900] [65849] [WARNING] Invalid HTTP request received.
[2026-09-05 22:02:23 +0900] [65850] [WARNING] Invalid HTTP request received.
[2026-09-05 22:02:23 +0900] [65849] [WARNING] Invalid HTTP request received.
[2026-09-05 22:02:23 +0900] [65850] [WARNING] Invalid HTTP request received.
[2026-09-05 22:02:23 +0900] [65849] [WARNING] Invalid HTTP request received.
[2026-09-05 22:02:23 +0900] [65850] [WARNING] Invalid HTTP request received.
[2026-09-06 01:04:26 +0900] [65849] [WARNING] Invalid HTTP request received.
[2026-09-06 01:04:38 +0900] [65849] [WARNING] Invalid HTTP request received.
[2026-09-06 01:04:39 +0900] [65849] [WARNING] Invalid HTTP request received.
[2026-09-06 01:04:52 +0900] [65849] [WARNING] Invalid HTTP request received.
[2026-09-06 05:17:02 +0900] [65849] [WARNING] Invalid HTTP request received.
[2026-09-06 08:15:33 +0900] [65849] [WARNING] Invalid HTTP request received.
[2026-09-06 10:26:37 +0900] [65849] [WARNING] Invalid HTTP request received.
[2026-09-06 16:01:26 +0900] [65850] [WARNING] Invalid HTTP request received.
[2026-09-06 16:20:10 +0900] [65849] [WARNING] Invalid HTTP request received.
[2026-09-06 16:20:10 +0900] [65849] [WARNING] Invalid HTTP request received.
[2026-09-06 16:20:10 +0900] [65849] [WARNING] Invalid HTTP request received.
[2026-09-06 16:20:10 +0900] [65849] [WARNING] Invalid HTTP request received.
[2026-09-06 16:20:10 +0900] [65849] [WARNING] Invalid HTTP request received.
[2026-09-06 16:20:10 +0900] [65850] [WARNING] Invalid HTTP request received.
[2026-09-06 16:20:10 +0900] [65849] [WARNING] Invalid HTTP request received.
[2026-09-06 16:20:10 +0900] [65850] [WARNING] Invalid HTTP request received.
[2026-09-06 16:20:10 +0900] [65849] [WARNING] Invalid HTTP request received.
[2026-09-06 16:20:10 +0900] [65849] [WARNING] Invalid HTTP request received.
[2026-09-06 16:20:10 +0900] [65850] [WARNING] Invalid HTTP request received.
[2026-09-06 16:20:10 +0900] [65849] [WARNING] Invalid HTTP request received.
[2026-09-06 17:23:26 +0900] [65849] [WARNING] Invalid HTTP request received.
[2026-09-06 17:57:06 +0900] [65849] [WARNING] Invalid HTTP request received.
[2026-09-06 17:57:06 +0900] [65849] [WARNING] Invalid HTTP request received.
[2026-09-06 17:57:06 +0900] [65849] [WARNING] Invalid HTTP request received.
[2026-09-06 17:57:06 +0900] [65849] [WARNING] Invalid HTTP request received.
[2026-09-06 17:57:06 +0900] [65850] [WARNING] Invalid HTTP request received.
[2026-09-06 17:57:06 +0900] [65849] [WARNING] Invalid HTTP request received.
[2026-09-06 17:57:06 +0900] [65849] [WARNING] Invalid HTTP request received.
[2026-09-06 17:57:06 +0900] [65849] [WARNING] Invalid HTTP request received.
[2026-09-06 17:57:06 +0900] [65849] [WARNING] Invalid HTTP request received.
[2026-09-06 17:57:06 +0900] [65849] [WARNING] Invalid HTTP request received.
[2026-09-06 17:57:06 +0900] [65849] [WARNING] Invalid HTTP request received.
[2026-09-06 17:57:06 +0900] [65849] [WARNING] Invalid HTTP request received.
[2026-09-06 19:17:11 +0900] [65849] [WARNING] Invalid HTTP request received.
[2026-09-06 19:17:11 +0900] [65849] [WARNING] Invalid HTTP request received.
[2026-09-06 19:17:11 +0900] [65850] [WARNING] Invalid HTTP request received.
[2026-09-06 19:17:11 +0900] [65849] [WARNING] Invalid HTTP request received.
[2026-09-06 19:17:11 +0900] [65849] [WARNING] Invalid HTTP request received.
[2026-09-06 19:17:11 +0900] [65850] [WARNING] Invalid HTTP request received.
[2026-09-06 19:17:11 +0900] [65849] [WARNING] Invalid HTTP request received.
[2026-09-06 19:17:11 +0900] [65850] [WARNING] Invalid HTTP request received.
[2026-09-06 19:17:11 +0900] [65849] [WARNING] Invalid HTTP request received.
[2026-09-06 19:17:11 +0900] [65849] [WARNING] Invalid HTTP request received.
[2026-09-06 19:17:11 +0900] [65850] [WARNING] Invalid HTTP request received.
[2026-09-06 19:17:11 +0900] [65849] [WARNING] Invalid HTTP request received.
[2026-09-06 19:17:11 +0900] [65849] [WARNING] Invalid HTTP request received.
[2026-09-06 19:17:11 +0900] [65850] [WARNING] Invalid HTTP request received.
[2026-09-06 19:17:11 +0900] [65849] [WARNING] Invalid HTTP request received.
[2026-09-06 19:17:11 +0900] [65849] [WARNING] Invalid HTTP request received.
[2026-09-06 19:17:11 +0900] [65850] [WARNING] Invalid HTTP request received.
[2026-09-06 19:17:11 +0900] [65849] [WARNING] Invalid HTTP request received.
[2026-09-06 19:17:11 +0900] [65850] [WARNING] Invalid HTTP request received.
[2026-09-06 19:17:11 +0900] [65849] [WARNING] Invalid HTTP request received.
[2026-09-06 19:17:11 +0900] [65850] [WARNING] Invalid HTTP request received.
[2026-09-06 19:17:11 +0900] [65849] [WARNING] Invalid HTTP request received.
[2026-09-06 19:17:11 +0900] [65850] [WARNING] Invalid HTTP request received.
[2026-09-06 19:17:11 +0900] [65849] [WARNING] Invalid HTTP request received.
[2026-09-06 19:17:11 +0900] [65850] [WARNING] Invalid HTTP request received.
[2026-09-06 19:17:11 +0900] [65849] [WARNING] Invalid HTTP request received.
[2026-09-06 19:17:11 +0900] [65849] [WARNING] Invalid HTTP request received.
[2026-09-06 19:17:11 +0900] [65849] [WARNING] Invalid HTTP request received.
[2026-09-06 19:17:11 +0900] [65849] [WARNING] Invalid HTTP request received.
[2026-09-06 19:17:11 +0900] [65849] [WARNING] Invalid HTTP request received.
[2026-09-06 19:17:11 +0900] [65849] [WARNING] Invalid HTTP request received.
[2026-09-06 19:17:11 +0900] [65850] [WARNING] Invalid HTTP request received.
[2026-09-06 19:17:11 +0900] [65849] [WARNING] Invalid HTTP request received.
[2026-09-06 19:17:11 +0900] [65850] [WARNING] Invalid HTTP request received.
[2026-09-06 19:17:11 +0900] [65849] [WARNING] Invalid HTTP request received.
[2026-09-06 19:17:11 +0900] [65850] [WARNING] Invalid HTTP request received.
[2026-09-06 19:17:11 +0900] [65849] [WARNING] Invalid HTTP request received.
[2026-09-06 19:17:11 +0900] [65849] [WARNING] Invalid HTTP request received.
[2026-09-06 19:17:11 +0900] [65850] [WARNING] Invalid HTTP request received.
[2026-09-06 19:17:11 +0900] [65849] [WARNING] Invalid HTTP request received.
[2026-09-06 19:17:11 +0900] [65849] [WARNING] Invalid HTTP request received.
[2026-09-06 19:17:11 +0900] [65849] [WARNING] Invalid HTTP request received.
[2026-09-06 19:17:11 +0900] [65849] [WARNING] Invalid HTTP request received.
[2026-09-06 19:17:11 +0900] [65850] [WARNING] Invalid HTTP request received.
[2026-09-06 19:17:11 +0900] [65849] [WARNING] Invalid HTTP request received.
[2026-09-06 19:17:11 +0900] [65850] [WARNING] Invalid HTTP request received.
[2026-09-06 19:17:11 +0900] [65849] [WARNING] Invalid HTTP request received.
[2026-09-06 19:17:11 +0900] [65849] [WARNING] Invalid HTTP request received.
[2026-09-06 19:17:11 +0900] [65850] [WARNING] Invalid HTTP request received.
[2026-09-06 19:17:11 +0900] [65850] [WARNING] Invalid HTTP request received.
[2026-09-06 19:17:11 +0900] [65849] [WARNING] Invalid HTTP request received.
[2026-09-06 19:17:11 +0900] [65849] [WARNING] Invalid HTTP request received.
[2026-09-06 19:17:11 +0900] [65849] [WARNING] Invalid HTTP request received.
[2026-09-06 19:17:11 +0900] [65849] [WARNING] Invalid HTTP request received.
[2026-09-06 19:17:11 +0900] [65849] [WARNING] Invalid HTTP request received.
[2026-09-06 19:17:11 +0900] [65849] [WARNING] Invalid HTTP request received.
[2026-09-06 19:17:11 +0900] [65849] [WARNING] Invalid HTTP request received.
[2026-09-06 19:17:11 +0900] [65850] [WARNING] Invalid HTTP request received.
[2026-09-06 19:17:11 +0900] [65849] [WARNING] Invalid HTTP request received.
[2026-09-06 19:17:11 +0900] [65849] [WARNING] Invalid HTTP request received.
[2026-09-06 19:17:11 +0900] [65849] [WARNING] Invalid HTTP request received.
[2026-09-06 19:17:11 +0900] [65849] [WARNING] Invalid HTTP request received.
[2026-09-06 19:17:11 +0900] [65849] [WARNING] Invalid HTTP request received.
[2026-09-06 19:17:11 +0900] [65849] [WARNING] Invalid HTTP request received.
[2026-09-06 19:17:11 +0900] [65849] [WARNING] Invalid HTTP request received.
[2026-09-06 19:17:12 +0900] [65849] [WARNING] Invalid HTTP request received.
[2026-09-06 19:17:12 +0900] [65849] [WARNING] Invalid HTTP request received.
[2026-09-06 19:17:12 +0900] [65849] [WARNING] Invalid HTTP request received.
[2026-09-06 19:17:12 +0900] [65849] [WARNING] Invalid HTTP request received.
[2026-09-06 19:17:12 +0900] [65849] [WARNING] Invalid HTTP request received.
[2026-09-06 19:17:12 +0900] [65849] [WARNING] Invalid HTTP request received.
[2026-09-06 19:17:12 +0900] [65849] [WARNING] Invalid HTTP request received.
[2026-09-06 19:17:12 +0900] [65849] [WARNING] Invalid HTTP request received.
[2026-09-06 19:17:12 +0900] [65849] [WARNING] Invalid HTTP request received.
[2026-09-06 19:17:12 +0900] [65849] [WARNING] Invalid HTTP request received.
[2026-09-06 19:17:12 +0900] [65849] [WARNING] Invalid HTTP request received.
[2026-09-06 19:17:12 +0900] [65849] [WARNING] Invalid HTTP request received.
[2026-09-06 19:17:12 +0900] [65850] [WARNING] Invalid HTTP request received.
[2026-09-06 19:17:12 +0900] [65849] [WARNING] Invalid HTTP request received.
[2026-09-06 19:17:12 +0900] [65850] [WARNING] Invalid HTTP request received.
[2026-09-06 19:17:12 +0900] [65850] [WARNING] Invalid HTTP request received.
[2026-09-06 19:17:12 +0900] [65849] [WARNING] Invalid HTTP request received.
[2026-09-06 19:17:12 +0900] [65849] [WARNING] Invalid HTTP request received.
[2026-09-06 19:17:12 +0900] [65849] [WARNING] Invalid HTTP request received.
[2026-09-06 19:17:12 +0900] [65849] [WARNING] Invalid HTTP request received.
[2026-09-06 19:17:12 +0900] [65849] [WARNING] Invalid HTTP request received.
[2026-09-06 19:17:12 +0900] [65850] [WARNING] Invalid HTTP request received.
[2026-09-06 19:17:12 +0900] [65849] [WARNING] Invalid HTTP request received.
[2026-09-06 19:17:12 +0900] [65850] [WARNING] Invalid HTTP request received.
[2026-09-06 19:17:12 +0900] [65849] [WARNING] Invalid HTTP request received.
[2026-09-06 19:17:12 +0900] [65850] [WARNING] Invalid HTTP request received.
[2026-09-06 19:17:12 +0900] [65849] [WARNING] Invalid HTTP request received.
[2026-09-06 19:17:12 +0900] [65850] [WARNING] Invalid HTTP request received.
[2026-09-07 00:03:59 +0900] [65850] [WARNING] Invalid HTTP request received.
[2026-09-07 00:56:20 +0900] [65850] [WARNING] Invalid HTTP request received.
[2026-09-07 00:56:20 +0900] [65849] [WARNING] Invalid HTTP request received.
[2026-09-07 00:56:20 +0900] [65849] [WARNING] Invalid HTTP request received.
[2026-09-07 00:56:20 +0900] [65849] [WARNING] Invalid HTTP request received.
[2026-09-07 00:56:20 +0900] [65849] [WARNING] Invalid HTTP request received.
[2026-09-07 00:56:20 +0900] [65849] [WARNING] Invalid HTTP request received.
[2026-09-07 00:56:20 +0900] [65850] [WARNING] Invalid HTTP request received.
[2026-09-07 00:56:20 +0900] [65849] [WARNING] Invalid HTTP request received.
[2026-09-07 00:56:20 +0900] [65849] [WARNING] Invalid HTTP request received.
[2026-09-07 00:56:20 +0900] [65850] [WARNING] Invalid HTTP request received.
[2026-09-07 00:56:20 +0900] [65849] [WARNING] Invalid HTTP request received.
[2026-09-07 00:56:20 +0900] [65849] [WARNING] Invalid HTTP request received.
[2026-09-07 00:56:20 +0900] [65849] [WARNING] Invalid HTTP request received.
[2026-09-07 00:56:20 +0900] [65850] [WARNING] Invalid HTTP request received.
[2026-09-07 00:56:20 +0900] [65849] [WARNING] Invalid HTTP request received.
[2026-09-07 00:56:20 +0900] [65849] [WARNING] Invalid HTTP request received.
[2026-09-07 00:56:20 +0900] [65850] [WARNING] Invalid HTTP request received.
[2026-09-07 00:56:20 +0900] [65849] [WARNING] Invalid HTTP request received.
[2026-09-07 00:56:20 +0900] [65849] [WARNING] Invalid HTTP request received.
[2026-09-07 00:56:20 +0900] [65850] [WARNING] Invalid HTTP request received.
[2026-09-07 00:56:20 +0900] [65849] [WARNING] Invalid HTTP request received.
[2026-09-07 00:56:20 +0900] [65849] [WARNING] Invalid HTTP request received.
[2026-09-07 00:56:20 +0900] [65850] [WARNING] Invalid HTTP request received.
[2026-09-07 00:56:20 +0900] [65849] [WARNING] Invalid HTTP request received.
[2026-09-07 00:56:20 +0900] [65849] [WARNING] Invalid HTTP request received.
[2026-09-07 00:56:20 +0900] [65850] [WARNING] Invalid HTTP request received.
[2026-09-07 00:56:20 +0900] [65849] [WARNING] Invalid HTTP request received.
[2026-09-07 00:56:20 +0900] [65850] [WARNING] Invalid HTTP request received.
[2026-09-07 00:56:20 +0900] [65849] [WARNING] Invalid HTTP request received.
[2026-09-07 00:56:20 +0900] [65850] [WARNING] Invalid HTTP request received.
[2026-09-07 00:56:20 +0900] [65849] [WARNING] Invalid HTTP request received.
[2026-09-07 00:56:20 +0900] [65849] [WARNING] Invalid HTTP request received.
[2026-09-07 00:56:20 +0900] [65850] [WARNING] Invalid HTTP request received.
[2026-09-07 00:56:20 +0900] [65849] [WARNING] Invalid HTTP request received.
[2026-09-07 00:56:20 +0900] [65850] [WARNING] Invalid HTTP request received.
[2026-09-07 00:56:20 +0900] [65850] [WARNING] Invalid HTTP request received.
[2026-09-07 00:56:20 +0900] [65849] [WARNING] Invalid HTTP request received.
[2026-09-07 00:56:20 +0900] [65850] [WARNING] Invalid HTTP request received.
[2026-09-07 00:56:20 +0900] [65849] [WARNING] Invalid HTTP request received.
[2026-09-07 00:56:20 +0900] [65850] [WARNING] Invalid HTTP request received.
[2026-09-07 00:56:20 +0900] [65849] [WARNING] Invalid HTTP request received.
[2026-09-07 00:56:20 +0900] [65849] [WARNING] Invalid HTTP request received.
[2026-09-07 00:56:20 +0900] [65850] [WARNING] Invalid HTTP request received.
[2026-09-07 00:56:20 +0900] [65849] [WARNING] Invalid HTTP request received.
[2026-09-07 00:56:20 +0900] [65850] [WARNING] Invalid HTTP request received.
[2026-09-07 00:56:20 +0900] [65849] [WARNING] Invalid HTTP request received.
[2026-09-07 00:56:20 +0900] [65849] [WARNING] Invalid HTTP request received.
[2026-09-07 00:56:20 +0900] [65850] [WARNING] Invalid HTTP request received.
[2026-09-07 00:56:20 +0900] [65850] [WARNING] Invalid HTTP request received.
[2026-09-07 00:56:20 +0900] [65849] [WARNING] Invalid HTTP request received.
[2026-09-07 00:56:20 +0900] [65849] [WARNING] Invalid HTTP request received.
[2026-09-07 00:56:20 +0900] [65850] [WARNING] Invalid HTTP request received.
[2026-09-07 00:56:20 +0900] [65849] [WARNING] Invalid HTTP request received.
[2026-09-07 00:56:20 +0900] [65850] [WARNING] Invalid HTTP request received.
[2026-09-07 00:56:20 +0900] [65849] [WARNING] Invalid HTTP request received.
[2026-09-07 00:56:20 +0900] [65850] [WARNING] Invalid HTTP request received.
[2026-09-07 00:56:20 +0900] [65850] [WARNING] Invalid HTTP request received.
[2026-09-07 00:56:20 +0900] [65849] [WARNING] Invalid HTTP request received.
[2026-09-07 00:56:20 +0900] [65849] [WARNING] Invalid HTTP request received.
[2026-09-07 00:56:20 +0900] [65849] [WARNING] Invalid HTTP request received.
[2026-09-07 00:56:20 +0900] [65850] [WARNING] Invalid HTTP request received.
[2026-09-07 00:56:20 +0900] [65849] [WARNING] Invalid HTTP request received.
[2026-09-07 00:56:20 +0900] [65849] [WARNING] Invalid HTTP request received.
[2026-09-07 00:56:20 +0900] [65850] [WARNING] Invalid HTTP request received.
[2026-09-07 00:56:20 +0900] [65849] [WARNING] Invalid HTTP request received.
[2026-09-07 00:56:20 +0900] [65850] [WARNING] Invalid HTTP request received.
[2026-09-07 00:56:20 +0900] [65849] [WARNING] Invalid HTTP request received.
[2026-09-07 00:56:20 +0900] [65850] [WARNING] Invalid HTTP request received.
[2026-09-07 00:56:20 +0900] [65849] [WARNING] Invalid HTTP request received.
[2026-09-07 00:56:20 +0900] [65850] [WARNING] Invalid HTTP request received.
[2026-09-07 00:56:20 +0900] [65849] [WARNING] Invalid HTTP request received.
[2026-09-07 00:56:20 +0900] [65850] [WARNING] Invalid HTTP request received.
[2026-09-07 00:56:20 +0900] [65849] [WARNING] Invalid HTTP request received.
[2026-09-07 00:56:20 +0900] [65850] [WARNING] Invalid HTTP request received.
[2026-09-07 00:56:20 +0900] [65849] [WARNING] Invalid HTTP request received.
[2026-09-07 00:56:20 +0900] [65849] [WARNING] Invalid HTTP request received.
[2026-09-07 00:56:20 +0900] [65849] [WARNING] Invalid HTTP request received.
[2026-09-07 00:56:20 +0900] [65850] [WARNING] Invalid HTTP request received.
[2026-09-07 00:56:20 +0900] [65850] [WARNING] Invalid HTTP request received.
[2026-09-07 00:56:20 +0900] [65849] [WARNING] Invalid HTTP request received.
[2026-09-07 00:56:20 +0900] [65850] [WARNING] Invalid HTTP request received.
[2026-09-07 00:56:20 +0900] [65849] [WARNING] Invalid HTTP request received.
[2026-09-07 00:56:20 +0900] [65849] [WARNING] Invalid HTTP request received.
[2026-09-07 00:56:20 +0900] [65849] [WARNING] Invalid HTTP request received.
[2026-09-07 00:56:20 +0900] [65849] [WARNING] Invalid HTTP request received.
[2026-09-07 00:56:20 +0900] [65849] [WARNING] Invalid HTTP request received.
[2026-09-07 00:56:20 +0900] [65850] [WARNING] Invalid HTTP request received.
[2026-09-07 00:56:20 +0900] [65849] [WARNING] Invalid HTTP request received.
[2026-09-07 00:56:20 +0900] [65849] [WARNING] Invalid HTTP request received.
[2026-09-07 00:56:20 +0900] [65849] [WARNING] Invalid HTTP request received.
[2026-09-07 00:56:20 +0900] [65849] [WARNING] Invalid HTTP request received.
[2026-09-07 00:56:20 +0900] [65849] [WARNING] Invalid HTTP request received.
[2026-09-07 00:56:20 +0900] [65849] [WARNING] Invalid HTTP request received.
[2026-09-07 01:47:58 +0900] [65849] [WARNING] Invalid HTTP request received.
[2026-09-07 01:48:01 +0900] [65849] [WARNING] Invalid HTTP request received.
[2026-09-07 01:48:18 +0900] [65850] [WARNING] Invalid HTTP request received.
Could not determine dtype for column 7, falling back to string
Could not determine dtype for column 8, falling back to string
Could not determine dtype for column 9, falling back to string
Could not determine dtype for column 10, falling back to string
Could not determine dtype for column 2, falling back to string
Could not determine dtype for column 3, falling back to string
Could not determine dtype for column 22, falling back to string
Could not determine dtype for column 24, falling back to string
Could not determine dtype for column 26, falling back to string
Could not determine dtype for column 35, falling back to string
Could not determine dtype for column 36, falling back to string
Could not determine dtype for column 55, falling back to string
Could not determine dtype for column 57, falling back to string
Could not determine dtype for column 59, falling back to string
[2026-09-07 09:57:58 +0900] [65803] [INFO] Handling signal: term
[2026-09-07 09:57:58 +0900] [65849] [INFO] Shutting down
[2026-09-07 09:57:58 +0900] [65849] [INFO] Error while closing socket [Errno 9] Bad file descriptor
[2026-09-07 09:57:58 +0900] [65850] [INFO] Shutting down
[2026-09-07 09:57:58 +0900] [65850] [INFO] Error while closing socket [Errno 9] Bad file descriptor
[2026-09-07 09:57:58 +0900] [65849] [INFO] Waiting for application shutdown.
[2026-09-07 09:57:58 +0900] [65849] [INFO] Application shutdown complete.
[2026-09-07 09:57:58 +0900] [65849] [INFO] Finished server process [65849]
[2026-09-07 09:57:58 +0900] [65803] [ERROR] Worker (pid:65849) was sent SIGTERM!
[2026-09-07 09:57:58 +0900] [65850] [INFO] Waiting for application shutdown.
[2026-09-07 09:57:58 +0900] [65850] [INFO] Application shutdown complete.
[2026-09-07 09:57:58 +0900] [65850] [INFO] Finished server process [65850]
[2026-09-07 09:57:58 +0900] [65803] [ERROR] Worker (pid:65850) was sent SIGTERM!
[2026-09-07 09:57:58 +0900] [65803] [INFO] Shutting down: Master
[2026-09-07 09:57:59 +0900] [72532] [INFO] Starting gunicorn 23.0.0
[2026-09-07 09:57:59 +0900] [72532] [INFO] Listening at: http://0.0.0.0:9900 (72532)
[2026-09-07 09:57:59 +0900] [72532] [INFO] Using worker: uvicorn.workers.UvicornWorker
[2026-09-07 09:57:59 +0900] [72578] [INFO] Booting worker with pid: 72578
[2026-09-07 09:57:59 +0900] [72580] [INFO] Booting worker with pid: 72580
[2026-09-07 09:58:00 +0900] [72578] [INFO] Started server process [72578]
[2026-09-07 09:58:00 +0900] [72578] [INFO] Waiting for application startup.
[2026-09-07 09:58:00 +0900] [72578] [INFO] Application startup complete.
[2026-09-07 09:58:00 +0900] [72580] [INFO] Started server process [72580]
[2026-09-07 09:58:00 +0900] [72580] [INFO] Waiting for application startup.
[2026-09-07 09:58:00 +0900] [72580] [INFO] Application startup complete.
[2026-09-07 19:28:56 +0900] [72578] [WARNING] Invalid HTTP request received.
[2026-09-07 19:29:07 +0900] [72578] [WARNING] Invalid HTTP request received.
[2026-09-07 19:29:08 +0900] [72578] [WARNING] Invalid HTTP request received.
[2026-09-07 19:29:17 +0900] [72578] [WARNING] Invalid HTTP request received.
[2026-09-08 07:22:14 +0900] [72578] [INFO] 162.243.83.227:0 - "WebSocket /" 403
[2026-09-08 07:22:14 +0900] [72578] [INFO] connection rejected (403 Forbidden)
[2026-09-08 07:22:14 +0900] [72578] [INFO] connection closed
[2026-09-08 15:14:48 +0900] [72580] [WARNING] Invalid HTTP request received.
[2026-09-08 15:14:57 +0900] [72580] [WARNING] Invalid HTTP request received.
[2026-09-08 15:16:19 +0900] [72580] [WARNING] Invalid HTTP request received.
Could not determine dtype for column 16, falling back to string
Could not determine dtype for column 7, falling back to string
Could not determine dtype for column 16, falling back to string
Could not determine dtype for column 7, falling back to string
Could not determine dtype for column 16, falling back to string
Could not determine dtype for column 7, falling back to string
Could not determine dtype for column 16, falling back to string
Could not determine dtype for column 7, falling back to string
[2026-09-09 02:49:11 +0900] [72532] [INFO] Handling signal: term
[2026-09-09 02:49:11 +0900] [72578] [INFO] Shutting down
[2026-09-09 02:49:11 +0900] [72578] [INFO] Error while closing socket [Errno 9] Bad file descriptor
[2026-09-09 02:49:11 +0900] [72580] [INFO] Shutting down
[2026-09-09 02:49:11 +0900] [72580] [INFO] Error while closing socket [Errno 9] Bad file descriptor
[2026-09-09 02:49:11 +0900] [72578] [INFO] Waiting for application shutdown.
[2026-09-09 02:49:11 +0900] [72578] [INFO] Application shutdown complete.
[2026-09-09 02:49:11 +0900] [72578] [INFO] Finished server process [72578]
[2026-09-09 02:49:11 +0900] [72532] [ERROR] Worker (pid:72578) was sent SIGTERM!
[2026-09-09 02:49:11 +0900] [72580] [INFO] Waiting for application shutdown.
[2026-09-09 02:49:11 +0900] [72580] [INFO] Application shutdown complete.
[2026-09-09 02:49:11 +0900] [72580] [INFO] Finished server process [72580]
[2026-09-09 02:49:11 +0900] [72532] [ERROR] Worker (pid:72580) was sent SIGTERM!
[2026-09-09 02:49:11 +0900] [72532] [INFO] Shutting down: Master
[2026-09-09 02:49:12 +0900] [75910] [INFO] Starting gunicorn 23.0.0
[2026-09-09 02:49:12 +0900] [75910] [INFO] Listening at: http://0.0.0.0:9900 (75910)
[2026-09-09 02:49:12 +0900] [75910] [INFO] Using worker: uvicorn.workers.UvicornWorker
[2026-09-09 02:49:12 +0900] [75959] [INFO] Booting worker with pid: 75959
[2026-09-09 02:49:12 +0900] [75961] [INFO] Booting worker with pid: 75961
[2026-09-09 02:49:14 +0900] [75959] [INFO] Started server process [75959]
[2026-09-09 02:49:14 +0900] [75959] [INFO] Waiting for application startup.
[2026-09-09 02:49:14 +0900] [75959] [INFO] Application startup complete.
[2026-09-09 02:49:14 +0900] [75961] [INFO] Started server process [75961]
[2026-09-09 02:49:14 +0900] [75961] [INFO] Waiting for application startup.
[2026-09-09 02:49:14 +0900] [75961] [INFO] Application startup complete.
[2026-09-09 02:49:20 +0900] [75910] [INFO] Handling signal: term
[2026-09-09 02:49:20 +0900] [75959] [INFO] Shutting down
[2026-09-09 02:49:20 +0900] [75959] [INFO] Error while closing socket [Errno 9] Bad file descriptor
[2026-09-09 02:49:20 +0900] [75961] [INFO] Shutting down
[2026-09-09 02:49:20 +0900] [75961] [INFO] Error while closing socket [Errno 9] Bad file descriptor
[2026-09-09 02:49:20 +0900] [75959] [INFO] Waiting for application shutdown.
[2026-09-09 02:49:20 +0900] [75959] [INFO] Application shutdown complete.
[2026-09-09 02:49:20 +0900] [75959] [INFO] Finished server process [75959]
[2026-09-09 02:49:20 +0900] [75910] [ERROR] Worker (pid:75959) was sent SIGTERM!
[2026-09-09 02:49:20 +0900] [75961] [INFO] Waiting for application shutdown.
[2026-09-09 02:49:20 +0900] [75961] [INFO] Application shutdown complete.
[2026-09-09 02:49:20 +0900] [75961] [INFO] Finished server process [75961]
[2026-09-09 02:49:20 +0900] [75910] [ERROR] Worker (pid:75961) was sent SIGTERM!
[2026-09-09 02:49:20 +0900] [75910] [INFO] Shutting down: Master
[2026-09-09 02:49:21 +0900] [76023] [INFO] Starting gunicorn 23.0.0
[2026-09-09 02:49:21 +0900] [76023] [INFO] Listening at: http://0.0.0.0:9900 (76023)
[2026-09-09 02:49:21 +0900] [76023] [INFO] Using worker: uvicorn.workers.UvicornWorker
[2026-09-09 02:49:21 +0900] [76069] [INFO] Booting worker with pid: 76069
[2026-09-09 02:49:21 +0900] [76071] [INFO] Booting worker with pid: 76071
[2026-09-09 02:49:23 +0900] [76071] [INFO] Started server process [76071]
[2026-09-09 02:49:23 +0900] [76071] [INFO] Waiting for application startup.
[2026-09-09 02:49:23 +0900] [76071] [INFO] Application startup complete.
[2026-09-09 02:49:23 +0900] [76069] [INFO] Started server process [76069]
[2026-09-09 02:49:23 +0900] [76069] [INFO] Waiting for application startup.
[2026-09-09 02:49:23 +0900] [76069] [INFO] Application startup complete.
[2026-09-09 02:49:29 +0900] [76023] [INFO] Handling signal: term
[2026-09-09 02:49:29 +0900] [76071] [INFO] Shutting down
[2026-09-09 02:49:29 +0900] [76071] [INFO] Error while closing socket [Errno 9] Bad file descriptor
[2026-09-09 02:49:29 +0900] [76069] [INFO] Shutting down
[2026-09-09 02:49:29 +0900] [76069] [INFO] Error while closing socket [Errno 9] Bad file descriptor
[2026-09-09 02:49:30 +0900] [76071] [INFO] Waiting for application shutdown.
[2026-09-09 02:49:30 +0900] [76071] [INFO] Application shutdown complete.
[2026-09-09 02:49:30 +0900] [76071] [INFO] Finished server process [76071]
[2026-09-09 02:49:30 +0900] [76069] [INFO] Waiting for application shutdown.
[2026-09-09 02:49:30 +0900] [76069] [INFO] Application shutdown complete.
[2026-09-09 02:49:30 +0900] [76069] [INFO] Finished server process [76069]
[2026-09-09 02:49:30 +0900] [76023] [ERROR] Worker (pid:76071) was sent SIGTERM!
[2026-09-09 02:49:30 +0900] [76023] [ERROR] Worker (pid:76069) was sent SIGTERM!
[2026-09-09 02:49:30 +0900] [76023] [INFO] Shutting down: Master
[2026-09-09 02:49:30 +0900] [76131] [INFO] Starting gunicorn 23.0.0
[2026-09-09 02:49:30 +0900] [76131] [INFO] Listening at: http://0.0.0.0:9900 (76131)
[2026-09-09 02:49:30 +0900] [76131] [INFO] Using worker: uvicorn.workers.UvicornWorker
[2026-09-09 02:49:30 +0900] [76177] [INFO] Booting worker with pid: 76177
[2026-09-09 02:49:30 +0900] [76179] [INFO] Booting worker with pid: 76179
[2026-09-09 02:49:32 +0900] [76177] [INFO] Started server process [76177]
[2026-09-09 02:49:32 +0900] [76177] [INFO] Waiting for application startup.
[2026-09-09 02:49:32 +0900] [76177] [INFO] Application startup complete.
[2026-09-09 02:49:32 +0900] [76179] [INFO] Started server process [76179]
[2026-09-09 02:49:32 +0900] [76179] [INFO] Waiting for application startup.
[2026-09-09 02:49:32 +0900] [76179] [INFO] Application startup complete.
[2026-09-09 04:36:56 +0900] [76179] [WARNING] Invalid HTTP request received.
[2026-09-09 12:50:48 +0900] [76131] [INFO] Handling signal: term
[2026-09-09 12:50:48 +0900] [76177] [INFO] Shutting down
[2026-09-09 12:50:48 +0900] [76177] [INFO] Error while closing socket [Errno 9] Bad file descriptor
[2026-09-09 12:50:48 +0900] [76179] [INFO] Shutting down
[2026-09-09 12:50:48 +0900] [76179] [INFO] Error while closing socket [Errno 9] Bad file descriptor
[2026-09-09 12:50:48 +0900] [76177] [INFO] Waiting for application shutdown.
[2026-09-09 12:50:48 +0900] [76177] [INFO] Application shutdown complete.
[2026-09-09 12:50:48 +0900] [76177] [INFO] Finished server process [76177]
[2026-09-09 12:50:48 +0900] [76179] [INFO] Waiting for application shutdown.
[2026-09-09 12:50:48 +0900] [76179] [INFO] Application shutdown complete.
[2026-09-09 12:50:48 +0900] [76131] [ERROR] Worker (pid:76177) was sent SIGTERM!
[2026-09-09 12:50:48 +0900] [76179] [INFO] Finished server process [76179]
[2026-09-09 12:50:48 +0900] [76131] [ERROR] Worker (pid:76179) was sent SIGTERM!
[2026-09-09 12:50:48 +0900] [76131] [INFO] Shutting down: Master
[2026-09-09 12:50:49 +0900] [77076] [INFO] Starting gunicorn 23.0.0
[2026-09-09 12:50:49 +0900] [77076] [INFO] Listening at: http://0.0.0.0:9900 (77076)
[2026-09-09 12:50:49 +0900] [77076] [INFO] Using worker: uvicorn.workers.UvicornWorker
[2026-09-09 12:50:49 +0900] [77143] [INFO] Booting worker with pid: 77143
[2026-09-09 12:50:49 +0900] [77145] [INFO] Booting worker with pid: 77145
[2026-09-09 12:50:50 +0900] [77143] [INFO] Started server process [77143]
[2026-09-09 12:50:50 +0900] [77143] [INFO] Waiting for application startup.
[2026-09-09 12:50:50 +0900] [77143] [INFO] Application startup complete.
[2026-09-09 12:50:50 +0900] [77145] [INFO] Started server process [77145]
[2026-09-09 12:50:50 +0900] [77145] [INFO] Waiting for application startup.
[2026-09-09 12:50:50 +0900] [77145] [INFO] Application startup complete.
[2026-09-09 12:53:44 +0900] [77076] [INFO] Handling signal: term
[2026-09-09 12:53:44 +0900] [77145] [INFO] Shutting down
[2026-09-09 12:53:44 +0900] [77145] [INFO] Error while closing socket [Errno 9] Bad file descriptor
[2026-09-09 12:53:44 +0900] [77143] [INFO] Shutting down
[2026-09-09 12:53:44 +0900] [77143] [INFO] Error while closing socket [Errno 9] Bad file descriptor
[2026-09-09 12:53:44 +0900] [77145] [INFO] Waiting for application shutdown.
[2026-09-09 12:53:44 +0900] [77145] [INFO] Application shutdown complete.
[2026-09-09 12:53:44 +0900] [77145] [INFO] Finished server process [77145]
[2026-09-09 12:53:44 +0900] [77076] [ERROR] Worker (pid:77145) was sent SIGTERM!
[2026-09-09 12:53:44 +0900] [77143] [INFO] Waiting for application shutdown.
[2026-09-09 12:53:44 +0900] [77143] [INFO] Application shutdown complete.
[2026-09-09 12:53:44 +0900] [77143] [INFO] Finished server process [77143]
[2026-09-09 12:53:44 +0900] [77076] [ERROR] Worker (pid:77143) was sent SIGTERM!
[2026-09-09 12:53:44 +0900] [77076] [INFO] Shutting down: Master
[2026-09-09 12:53:45 +0900] [77326] [INFO] Starting gunicorn 23.0.0
[2026-09-09 12:53:45 +0900] [77326] [INFO] Listening at: http://0.0.0.0:9900 (77326)
[2026-09-09 12:53:45 +0900] [77326] [INFO] Using worker: uvicorn.workers.UvicornWorker
[2026-09-09 12:53:45 +0900] [77372] [INFO] Booting worker with pid: 77372
[2026-09-09 12:53:45 +0900] [77374] [INFO] Booting worker with pid: 77374
[2026-09-09 12:53:46 +0900] [77372] [INFO] Started server process [77372]
[2026-09-09 12:53:46 +0900] [77372] [INFO] Waiting for application startup.
[2026-09-09 12:53:46 +0900] [77372] [INFO] Application startup complete.
[2026-09-09 12:53:46 +0900] [77374] [INFO] Started server process [77374]
[2026-09-09 12:53:46 +0900] [77374] [INFO] Waiting for application startup.
[2026-09-09 12:53:46 +0900] [77374] [INFO] Application startup complete.
[2026-09-09 12:59:04 +0900] [77326] [INFO] Handling signal: term
[2026-09-09 12:59:04 +0900] [77374] [INFO] Shutting down
[2026-09-09 12:59:04 +0900] [77374] [INFO] Error while closing socket [Errno 9] Bad file descriptor
[2026-09-09 12:59:04 +0900] [77372] [INFO] Shutting down
[2026-09-09 12:59:04 +0900] [77372] [INFO] Error while closing socket [Errno 9] Bad file descriptor
[2026-09-09 12:59:04 +0900] [77374] [INFO] Waiting for application shutdown.
[2026-09-09 12:59:04 +0900] [77374] [INFO] Application shutdown complete.
[2026-09-09 12:59:04 +0900] [77374] [INFO] Finished server process [77374]
[2026-09-09 12:59:04 +0900] [77326] [ERROR] Worker (pid:77374) was sent SIGTERM!
[2026-09-09 12:59:04 +0900] [77372] [INFO] Waiting for application shutdown.
[2026-09-09 12:59:04 +0900] [77372] [INFO] Application shutdown complete.
[2026-09-09 12:59:04 +0900] [77372] [INFO] Finished server process [77372]
[2026-09-09 12:59:04 +0900] [77326] [ERROR] Worker (pid:77372) was sent SIGTERM!
[2026-09-09 12:59:04 +0900] [77326] [INFO] Shutting down: Master
[2026-09-09 12:59:04 +0900] [77531] [INFO] Starting gunicorn 23.0.0
[2026-09-09 12:59:04 +0900] [77531] [INFO] Listening at: http://0.0.0.0:9900 (77531)
[2026-09-09 12:59:04 +0900] [77531] [INFO] Using worker: uvicorn.workers.UvicornWorker
[2026-09-09 12:59:04 +0900] [77577] [INFO] Booting worker with pid: 77577
[2026-09-09 12:59:05 +0900] [77579] [INFO] Booting worker with pid: 77579
[2026-09-09 12:59:06 +0900] [77577] [INFO] Started server process [77577]
[2026-09-09 12:59:06 +0900] [77577] [INFO] Waiting for application startup.
[2026-09-09 12:59:06 +0900] [77577] [INFO] Application startup complete.
[2026-09-09 12:59:06 +0900] [77579] [INFO] Started server process [77579]
[2026-09-09 12:59:06 +0900] [77579] [INFO] Waiting for application startup.
[2026-09-09 12:59:06 +0900] [77579] [INFO] Application startup complete.
[2026-09-09 16:03:33 +0900] [77577] [WARNING] Invalid HTTP request received.
[2026-09-09 16:03:37 +0900] [77579] [WARNING] Invalid HTTP request received.
[2026-09-09 16:04:10 +0900] [77579] [WARNING] Invalid HTTP request received.
Could not determine dtype for column 16, falling back to string
Could not determine dtype for column 7, falling back to string
Could not determine dtype for column 16, falling back to string
Could not determine dtype for column 7, falling back to string
[2026-09-09 22:40:46 +0900] [77579] [WARNING] Invalid HTTP request received.
[2026-09-09 22:40:56 +0900] [77579] [WARNING] Invalid HTTP request received.
[2026-09-09 22:41:01 +0900] [77579] [WARNING] Invalid HTTP request received.
[2026-09-09 22:41:10 +0900] [77579] [WARNING] Invalid HTTP request received.
[2026-09-10 23:09:33 +0900] [77579] [WARNING] Invalid HTTP request received.
[2026-09-10 23:09:38 +0900] [77579] [WARNING] Invalid HTTP request received.
[2026-09-10 23:11:43 +0900] [77577] [WARNING] Invalid HTTP request received.
[2026-09-11 07:08:02 +0900] [77579] [WARNING] Invalid HTTP request received.
[2026-09-11 07:08:09 +0900] [77579] [WARNING] Invalid HTTP request received.
[2026-09-11 07:08:13 +0900] [77579] [WARNING] Invalid HTTP request received.
[2026-09-11 07:08:21 +0900] [77579] [WARNING] Invalid HTTP request received.
[2026-09-11 09:24:22 +0900] [77579] [WARNING] Invalid HTTP request received.
[2026-09-12 07:47:44 +0900] [77579] [WARNING] Invalid HTTP request received.
[2026-09-12 07:47:49 +0900] [77577] [WARNING] Invalid HTTP request received.
[2026-09-12 07:48:54 +0900] [77577] [WARNING] Invalid HTTP request received.
[2026-09-12 11:36:31 +0900] [77579] [WARNING] Invalid HTTP request received.
[2026-09-12 11:36:31 +0900] [77577] [WARNING] Invalid HTTP request received.
[2026-09-12 21:45:48 +0900] [77579] [WARNING] Invalid HTTP request received.
[2026-09-12 21:45:59 +0900] [77579] [WARNING] Invalid HTTP request received.
[2026-09-12 21:46:03 +0900] [77577] [WARNING] Invalid HTTP request received.
[2026-09-12 21:46:09 +0900] [77579] [WARNING] Invalid HTTP request received.
Could not determine dtype for column 16, falling back to string
Could not determine dtype for column 7, falling back to string
[2026-09-13 22:45:52 +0900] [77579] [WARNING] Invalid HTTP request received.
[2026-09-13 22:45:59 +0900] [77579] [WARNING] Invalid HTTP request received.
[2026-09-13 22:46:38 +0900] [77579] [WARNING] Invalid HTTP request received.
[2026-09-14 22:45:22 +0900] [77579] [WARNING] Invalid HTTP request received.
[2026-09-14 22:45:31 +0900] [77579] [WARNING] Invalid HTTP request received.
[2026-09-14 22:45:51 +0900] [77579] [WARNING] Invalid HTTP request received.
[2026-09-14 23:57:59 +0900] [77577] [WARNING] Invalid HTTP request received.
[2026-09-14 23:58:15 +0900] [77577] [WARNING] Invalid HTTP request received.
[2026-09-14 23:58:55 +0900] [77577] [WARNING] Invalid HTTP request received.
[2026-09-15 12:58:10 +0900] [77577] [WARNING] Invalid HTTP request received.
[2026-09-16 01:05:26 +0900] [77579] [WARNING] Invalid HTTP request received.
[2026-09-16 01:06:10 +0900] [77579] [WARNING] Invalid HTTP request received.
Could not determine dtype for column 16, falling back to string
Could not determine dtype for column 7, falling back to string
[2026-09-17 01:52:56 +0900] [77579] [WARNING] Invalid HTTP request received.
[2026-09-17 01:53:06 +0900] [77579] [WARNING] Invalid HTTP request received.
[2026-09-17 01:53:21 +0900] [77577] [WARNING] Invalid HTTP request received.
[2026-09-17 06:32:41 +0900] [77577] [WARNING] Invalid HTTP request received.
[2026-09-17 06:32:50 +0900] [77577] [WARNING] Invalid HTTP request received.
[2026-09-17 06:32:51 +0900] [77577] [WARNING] Invalid HTTP request received.
[2026-09-17 06:33:02 +0900] [77577] [WARNING] Invalid HTTP request received.
Could not determine dtype for column 16, falling back to string
Could not determine dtype for column 7, falling back to string
Could not determine dtype for column 16, falling back to string
Could not determine dtype for column 7, falling back to string
Could not determine dtype for column 16, falling back to string
Could not determine dtype for column 7, falling back to string
[2026-09-18 07:24:19 +0900] [77579] [WARNING] Invalid HTTP request received.
[2026-09-18 07:24:23 +0900] [77577] [WARNING] Invalid HTTP request received.
[2026-09-18 07:25:04 +0900] [77579] [WARNING] Invalid HTTP request received.
[2026-09-18 07:26:59 +0900] [77579] [WARNING] Invalid HTTP request received.
[2026-09-18 07:26:59 +0900] [77577] [WARNING] Invalid HTTP request received.
[2026-09-18 16:26:15 +0900] [77531] [INFO] Handling signal: term
[2026-09-18 16:26:15 +0900] [77577] [INFO] Shutting down
[2026-09-18 16:26:15 +0900] [77577] [INFO] Error while closing socket [Errno 9] Bad file descriptor
[2026-09-18 16:26:15 +0900] [77579] [INFO] Shutting down
[2026-09-18 16:26:15 +0900] [77579] [INFO] Error while closing socket [Errno 9] Bad file descriptor
[2026-09-18 16:26:15 +0900] [77577] [INFO] Waiting for application shutdown.
[2026-09-18 16:26:15 +0900] [77577] [INFO] Application shutdown complete.
[2026-09-18 16:26:15 +0900] [77577] [INFO] Finished server process [77577]
[2026-09-18 16:26:15 +0900] [77531] [ERROR] Worker (pid:77577) was sent SIGTERM!
[2026-09-18 16:26:15 +0900] [77579] [INFO] Waiting for application shutdown.
[2026-09-18 16:26:15 +0900] [77579] [INFO] Application shutdown complete.
[2026-09-18 16:26:15 +0900] [77579] [INFO] Finished server process [77579]
[2026-09-18 16:26:15 +0900] [77531] [ERROR] Worker (pid:77579) was sent SIGTERM!
[2026-09-18 16:26:15 +0900] [77531] [INFO] Shutting down: Master
[2026-09-18 16:26:16 +0900] [95123] [INFO] Starting gunicorn 23.0.0
[2026-09-18 16:26:16 +0900] [95123] [INFO] Listening at: http://0.0.0.0:9900 (95123)
[2026-09-18 16:26:16 +0900] [95123] [INFO] Using worker: uvicorn.workers.UvicornWorker
[2026-09-18 16:26:16 +0900] [95169] [INFO] Booting worker with pid: 95169
[2026-09-18 16:26:16 +0900] [95171] [INFO] Booting worker with pid: 95171
[2026-09-18 16:26:18 +0900] [95169] [INFO] Started server process [95169]
[2026-09-18 16:26:18 +0900] [95169] [INFO] Waiting for application startup.
[2026-09-18 16:26:18 +0900] [95169] [INFO] Application startup complete.
[2026-09-18 16:26:18 +0900] [95171] [INFO] Started server process [95171]
[2026-09-18 16:26:18 +0900] [95171] [INFO] Waiting for application startup.
[2026-09-18 16:26:18 +0900] [95171] [INFO] Application startup complete.
[2026-09-18 16:27:12 +0900] [95123] [INFO] Handling signal: term
[2026-09-18 16:27:12 +0900] [95169] [INFO] Shutting down
[2026-09-18 16:27:12 +0900] [95171] [INFO] Shutting down
[2026-09-18 16:27:12 +0900] [95169] [INFO] Error while closing socket [Errno 9] Bad file descriptor
[2026-09-18 16:27:12 +0900] [95171] [INFO] Error while closing socket [Errno 9] Bad file descriptor
[2026-09-18 16:27:12 +0900] [95169] [INFO] Waiting for application shutdown.
[2026-09-18 16:27:12 +0900] [95171] [INFO] Waiting for application shutdown.
[2026-09-18 16:27:12 +0900] [95171] [INFO] Application shutdown complete.
[2026-09-18 16:27:12 +0900] [95169] [INFO] Application shutdown complete.
[2026-09-18 16:27:12 +0900] [95171] [INFO] Finished server process [95171]
[2026-09-18 16:27:12 +0900] [95169] [INFO] Finished server process [95169]
[2026-09-18 16:27:12 +0900] [95123] [ERROR] Worker (pid:95171) was sent SIGTERM!
[2026-09-18 16:27:12 +0900] [95123] [ERROR] Worker (pid:95169) was sent SIGTERM!
[2026-09-18 16:27:12 +0900] [95123] [INFO] Shutting down: Master
[2026-09-18 16:27:13 +0900] [95316] [INFO] Starting gunicorn 23.0.0
[2026-09-18 16:27:13 +0900] [95316] [INFO] Listening at: http://0.0.0.0:9900 (95316)
[2026-09-18 16:27:13 +0900] [95316] [INFO] Using worker: uvicorn.workers.UvicornWorker
[2026-09-18 16:27:13 +0900] [95362] [INFO] Booting worker with pid: 95362
[2026-09-18 16:27:13 +0900] [95363] [INFO] Booting worker with pid: 95363
[2026-09-18 16:27:15 +0900] [95362] [INFO] Started server process [95362]
[2026-09-18 16:27:15 +0900] [95362] [INFO] Waiting for application startup.
[2026-09-18 16:27:15 +0900] [95362] [INFO] Application startup complete.
[2026-09-18 16:27:15 +0900] [95363] [INFO] Started server process [95363]
[2026-09-18 16:27:15 +0900] [95363] [INFO] Waiting for application startup.
[2026-09-18 16:27:15 +0900] [95363] [INFO] Application startup complete.
[2026-09-18 17:19:20 +0900] [95316] [INFO] Handling signal: term
[2026-09-18 17:19:20 +0900] [95363] [INFO] Shutting down
[2026-09-18 17:19:20 +0900] [95363] [INFO] Error while closing socket [Errno 9] Bad file descriptor
[2026-09-18 17:19:20 +0900] [95362] [INFO] Shutting down
[2026-09-18 17:19:20 +0900] [95362] [INFO] Error while closing socket [Errno 9] Bad file descriptor
[2026-09-18 17:19:20 +0900] [95363] [INFO] Waiting for application shutdown.
[2026-09-18 17:19:20 +0900] [95363] [INFO] Application shutdown complete.
[2026-09-18 17:19:20 +0900] [95363] [INFO] Finished server process [95363]
[2026-09-18 17:19:20 +0900] [95316] [ERROR] Worker (pid:95363) was sent SIGTERM!
[2026-09-18 17:19:20 +0900] [95362] [INFO] Waiting for application shutdown.
[2026-09-18 17:19:20 +0900] [95362] [INFO] Application shutdown complete.
[2026-09-18 17:19:20 +0900] [95362] [INFO] Finished server process [95362]
[2026-09-18 17:19:20 +0900] [95316] [ERROR] Worker (pid:95362) was sent SIGTERM!
[2026-09-18 17:19:20 +0900] [95316] [INFO] Shutting down: Master
[2026-09-18 17:19:21 +0900] [95604] [INFO] Starting gunicorn 23.0.0
[2026-09-18 17:19:21 +0900] [95604] [INFO] Listening at: http://0.0.0.0:9900 (95604)
[2026-09-18 17:19:21 +0900] [95604] [INFO] Using worker: uvicorn.workers.UvicornWorker
[2026-09-18 17:19:21 +0900] [95650] [INFO] Booting worker with pid: 95650
[2026-09-18 17:19:21 +0900] [95651] [INFO] Booting worker with pid: 95651
[2026-09-18 17:19:22 +0900] [95650] [INFO] Started server process [95650]
[2026-09-18 17:19:22 +0900] [95650] [INFO] Waiting for application startup.
[2026-09-18 17:19:22 +0900] [95650] [INFO] Application startup complete.
[2026-09-18 17:19:22 +0900] [95651] [INFO] Started server process [95651]
[2026-09-18 17:19:22 +0900] [95651] [INFO] Waiting for application startup.
[2026-09-18 17:19:22 +0900] [95651] [INFO] Application startup complete.
[2026-09-18 17:30:54 +0900] [95604] [INFO] Handling signal: term
[2026-09-18 17:30:54 +0900] [95650] [INFO] Shutting down
[2026-09-18 17:30:54 +0900] [95650] [INFO] Error while closing socket [Errno 9] Bad file descriptor
[2026-09-18 17:30:54 +0900] [95651] [INFO] Shutting down
[2026-09-18 17:30:54 +0900] [95651] [INFO] Error while closing socket [Errno 9] Bad file descriptor
[2026-09-18 17:30:54 +0900] [95650] [INFO] Waiting for application shutdown.
[2026-09-18 17:30:54 +0900] [95650] [INFO] Application shutdown complete.
[2026-09-18 17:30:54 +0900] [95650] [INFO] Finished server process [95650]
[2026-09-18 17:30:54 +0900] [95604] [ERROR] Worker (pid:95650) was sent SIGTERM!
[2026-09-18 17:30:54 +0900] [95651] [INFO] Waiting for application shutdown.
[2026-09-18 17:30:54 +0900] [95651] [INFO] Application shutdown complete.
[2026-09-18 17:30:54 +0900] [95651] [INFO] Finished server process [95651]
[2026-09-18 17:30:54 +0900] [95604] [ERROR] Worker (pid:95651) was sent SIGTERM!
[2026-09-18 17:30:54 +0900] [95604] [INFO] Shutting down: Master
[2026-09-18 17:30:55 +0900] [95817] [INFO] Starting gunicorn 23.0.0
[2026-09-18 17:30:55 +0900] [95817] [INFO] Listening at: http://0.0.0.0:9900 (95817)
[2026-09-18 17:30:55 +0900] [95817] [INFO] Using worker: uvicorn.workers.UvicornWorker
[2026-09-18 17:30:55 +0900] [95863] [INFO] Booting worker with pid: 95863
[2026-09-18 17:30:55 +0900] [95865] [INFO] Booting worker with pid: 95865
[2026-09-18 17:30:56 +0900] [95863] [INFO] Started server process [95863]
[2026-09-18 17:30:56 +0900] [95863] [INFO] Waiting for application startup.
[2026-09-18 17:30:56 +0900] [95863] [INFO] Application startup complete.
[2026-09-18 17:30:56 +0900] [95865] [INFO] Started server process [95865]
[2026-09-18 17:30:56 +0900] [95865] [INFO] Waiting for application startup.
[2026-09-18 17:30:56 +0900] [95865] [INFO] Application startup complete.
[2026-09-18 17:33:08 +0900] [95817] [INFO] Handling signal: term
[2026-09-18 17:33:08 +0900] [95865] [INFO] Shutting down
[2026-09-18 17:33:08 +0900] [95865] [INFO] Error while closing socket [Errno 9] Bad file descriptor
[2026-09-18 17:33:08 +0900] [95863] [INFO] Shutting down
[2026-09-18 17:33:08 +0900] [95863] [INFO] Error while closing socket [Errno 9] Bad file descriptor
[2026-09-18 17:33:08 +0900] [95865] [INFO] Waiting for application shutdown.
[2026-09-18 17:33:08 +0900] [95865] [INFO] Application shutdown complete.
[2026-09-18 17:33:08 +0900] [95865] [INFO] Finished server process [95865]
[2026-09-18 17:33:08 +0900] [95817] [ERROR] Worker (pid:95865) was sent SIGTERM!
[2026-09-18 17:33:08 +0900] [95863] [INFO] Waiting for application shutdown.
[2026-09-18 17:33:08 +0900] [95863] [INFO] Application shutdown complete.
[2026-09-18 17:33:08 +0900] [95863] [INFO] Finished server process [95863]
[2026-09-18 17:33:08 +0900] [95817] [ERROR] Worker (pid:95863) was sent SIGTERM!
[2026-09-18 17:33:08 +0900] [95817] [INFO] Shutting down: Master
[2026-09-18 17:33:09 +0900] [96012] [INFO] Starting gunicorn 23.0.0
[2026-09-18 17:33:09 +0900] [96012] [INFO] Listening at: http://0.0.0.0:9900 (96012)
[2026-09-18 17:33:09 +0900] [96012] [INFO] Using worker: uvicorn.workers.UvicornWorker
[2026-09-18 17:33:09 +0900] [96058] [INFO] Booting worker with pid: 96058
[2026-09-18 17:33:09 +0900] [96060] [INFO] Booting worker with pid: 96060
[2026-09-18 17:33:11 +0900] [96058] [INFO] Started server process [96058]
[2026-09-18 17:33:11 +0900] [96058] [INFO] Waiting for application startup.
[2026-09-18 17:33:11 +0900] [96058] [INFO] Application startup complete.
[2026-09-18 17:33:11 +0900] [96060] [INFO] Started server process [96060]
[2026-09-18 17:33:11 +0900] [96060] [INFO] Waiting for application startup.
[2026-09-18 17:33:11 +0900] [96060] [INFO] Application startup complete.
[2026-09-18 23:02:51 +0900] [96012] [INFO] Handling signal: term
[2026-09-18 23:02:51 +0900] [96058] [INFO] Shutting down
[2026-09-18 23:02:51 +0900] [96058] [INFO] Error while closing socket [Errno 9] Bad file descriptor
[2026-09-18 23:02:51 +0900] [96060] [INFO] Shutting down
[2026-09-18 23:02:51 +0900] [96060] [INFO] Error while closing socket [Errno 9] Bad file descriptor
[2026-09-18 23:02:51 +0900] [96058] [INFO] Waiting for application shutdown.
[2026-09-18 23:02:51 +0900] [96058] [INFO] Application shutdown complete.
[2026-09-18 23:02:51 +0900] [96058] [INFO] Finished server process [96058]
[2026-09-18 23:02:51 +0900] [96012] [ERROR] Worker (pid:96058) was sent SIGTERM!
[2026-09-18 23:02:51 +0900] [96060] [INFO] Waiting for application shutdown.
[2026-09-18 23:02:51 +0900] [96060] [INFO] Application shutdown complete.
[2026-09-18 23:02:51 +0900] [96060] [INFO] Finished server process [96060]
[2026-09-18 23:02:51 +0900] [96012] [ERROR] Worker (pid:96060) was sent SIGTERM!
[2026-09-18 23:02:51 +0900] [96012] [INFO] Shutting down: Master
[2026-09-18 23:02:52 +0900] [96651] [INFO] Starting gunicorn 23.0.0
[2026-09-18 23:02:52 +0900] [96651] [INFO] Listening at: http://0.0.0.0:9900 (96651)
[2026-09-18 23:02:52 +0900] [96651] [INFO] Using worker: uvicorn.workers.UvicornWorker
[2026-09-18 23:02:52 +0900] [96715] [INFO] Booting worker with pid: 96715
[2026-09-18 23:02:52 +0900] [96717] [INFO] Booting worker with pid: 96717
[2026-09-18 23:02:53 +0900] [96715] [INFO] Started server process [96715]
[2026-09-18 23:02:53 +0900] [96715] [INFO] Waiting for application startup.
[2026-09-18 23:02:53 +0900] [96715] [INFO] Application startup complete.
[2026-09-18 23:02:53 +0900] [96717] [INFO] Started server process [96717]
[2026-09-18 23:02:53 +0900] [96717] [INFO] Waiting for application startup.
[2026-09-18 23:02:53 +0900] [96717] [INFO] Application startup complete.
[2026-09-18 23:52:38 +0900] [96651] [INFO] Handling signal: term
[2026-09-18 23:52:38 +0900] [96715] [INFO] Shutting down
[2026-09-18 23:52:38 +0900] [96715] [INFO] Error while closing socket [Errno 9] Bad file descriptor
[2026-09-18 23:52:38 +0900] [96717] [INFO] Shutting down
[2026-09-18 23:52:38 +0900] [96717] [INFO] Error while closing socket [Errno 9] Bad file descriptor
[2026-09-18 23:52:38 +0900] [96715] [INFO] Waiting for application shutdown.
[2026-09-18 23:52:38 +0900] [96715] [INFO] Application shutdown complete.
[2026-09-18 23:52:38 +0900] [96715] [INFO] Finished server process [96715]
[2026-09-18 23:52:38 +0900] [96651] [ERROR] Worker (pid:96715) was sent SIGTERM!
[2026-09-18 23:52:38 +0900] [96717] [INFO] Waiting for application shutdown.
[2026-09-18 23:52:38 +0900] [96717] [INFO] Application shutdown complete.
[2026-09-18 23:52:38 +0900] [96717] [INFO] Finished server process [96717]
[2026-09-18 23:52:38 +0900] [96651] [ERROR] Worker (pid:96717) was sent SIGTERM!
[2026-09-18 23:52:38 +0900] [96651] [INFO] Shutting down: Master
[2026-09-18 23:52:39 +0900] [97038] [INFO] Starting gunicorn 23.0.0
[2026-09-18 23:52:39 +0900] [97038] [INFO] Listening at: http://0.0.0.0:9900 (97038)
[2026-09-18 23:52:39 +0900] [97038] [INFO] Using worker: uvicorn.workers.UvicornWorker
[2026-09-18 23:52:39 +0900] [97084] [INFO] Booting worker with pid: 97084
[2026-09-18 23:52:39 +0900] [97086] [INFO] Booting worker with pid: 97086
[2026-09-18 23:52:41 +0900] [97084] [INFO] Started server process [97084]
[2026-09-18 23:52:41 +0900] [97084] [INFO] Waiting for application startup.
[2026-09-18 23:52:41 +0900] [97084] [INFO] Application startup complete.
[2026-09-18 23:52:41 +0900] [97086] [INFO] Started server process [97086]
[2026-09-18 23:52:41 +0900] [97086] [INFO] Waiting for application startup.
[2026-09-18 23:52:41 +0900] [97086] [INFO] Application startup complete.
